antecedent,consequent,support,confidence,lift,antecedent_support,consequent_support,leverage,conviction
AUTOR_SEXO=2 & SIT_CONJUG=8,CS_ESCOL_N=10,0.03474,0.7216452014956377,6.18164469329825,0.04814,0.11674,0.0291201364,3.1731445074626867
OUT_VEZES=2 & SIT_CONJUG=8,CS_ESCOL_N=10,0.0545,0.6831286036600651,5.851709813774757,0.07978,0.11674,0.0451864828,2.787439984177215
ORIENT_SEX=8 & SIT_CONJUG=8,CS_ESCOL_N=10,0.11474,0.6655452436194895,5.7010899744688155,0.1724,0.11674,0.09461402399999999,2.640895317377731
AG_AMEACA=2 & SIT_CONJUG=8,CS_ESCOL_N=10,0.09924,0.6543584333377291,5.605263263129426,0.15166,0.11674,0.08153521159999999,2.555421816100725
AUTOR_SEXO=2 & ORIENT_SEX=8,CS_ESCOL_N=10,0.03438,0.6516300227445034,5.581891577389956,0.05276,0.11674,0.0282207976,2.535407921653972
CS_RACA=1 & SIT_CONJUG=8,CS_ESCOL_N=10,0.04866,0.6470744680851064,5.542868494818455,0.0752,0.11674,0.039881152,2.502680934438583
REDE_SAU=1 & SIT_CONJUG=8,CS_ESCOL_N=10,0.07456,0.6393414508660608,5.4766271275146545,0.11662,0.11674,0.0609457812,2.4490200000000004
CS_ESCOL_N=10 & ORIENT_SEX=8,SIT_CONJUG=8,0.11474,0.9991292232671543,5.357835817605932,0.11484,0.18648,0.0933246368,934.2463679999488
CS_ESCOL_N=10 & CS_RACA=1,SIT_CONJUG=8,0.04866,0.9975399753997541,5.349313467394649,0.04878,0.18648,0.0395635056,330.69588000001943
CS_ESCOL_N=10 & OUT_VEZES=2,SIT_CONJUG=8,0.0545,0.9967081199707388,5.344852638195725,0.05468,0.18648,0.0443032736,247.12929777777643
CS_ESCOL_N=10 & REDE_SAU=1,SIT_CONJUG=8,0.07456,0.9957264957264957,5.339588672922006,0.07488,0.18648,0.0605963776,190.36368000000067
AG_AMEACA=2 & CS_ESCOL_N=10,SIT_CONJUG=8,0.09924,0.9935923107729275,5.3281440946639185,0.09988,0.18648,0.0806143776,126.95996500000042
CS_ESCOL_N=10,SIT_CONJUG=8,0.11598,0.9934898064074011,5.3275944144541025,0.11674,0.18648,0.0942103248,124.9609536842121
SIT_CONJUG=8,CS_ESCOL_N=10,0.11598,0.6219433719433719,5.3275944144541025,0.18648,0.11674,0.0942103248,2.336316663829787
AUTOR_SEXO=2 & CS_ESCOL_N=10,SIT_CONJUG=8,0.03474,0.993138936535163,5.325712872882685,0.03498,0.18648,0.0282169296,118.57054000000177
AUTOR_SEXO=1 & CS_ESCOL_N=10,SIT_CONJUG=8,0.04232,0.9920300046882327,5.319766219906867,0.04266,0.18648,0.0343647632,102.07283294117804
CS_ESCOL_N=10 & CS_RACA=4,SIT_CONJUG=8,0.05346,0.9903668025194516,5.310847289357849,0.05398,0.18648,0.0433938096,84.44963384615376
CS_ESCOL_N=10 & REDE_SAU=2,SIT_CONJUG=8,0.03838,0.9886656362699638,5.301724776222457,0.03882,0.18648,0.031140846399999998,71.77465090909033
CS_RACA=4 & SIT_CONJUG=8,CS_ESCOL_N=10,0.05346,0.6113906678865507,5.237199485065537,0.08744,0.11674,0.0432522544,2.272873878752207
ORIENT_SEX=8 & OUT_VEZES=2,CS_ESCOL_N=10,0.05396,0.6050684009867684,5.183042667352821,0.08918,0.11674,0.043549126800000004,2.2364885519591144
REDE_SAU=2 & SIT_CONJUG=8,CS_ESCOL_N=10,0.03838,0.5917360468701819,5.068837132689583,0.06486,0.11674,0.030808243599999997,2.1634533081570995
AG_AMEACA=2 & ORIENT_SEX=8,CS_ESCOL_N=10,0.0982,0.5859188544152745,5.019006804996355,0.1676,0.11674,0.07863437599999999,2.133060172910663
CS_RACA=1 & ORIENT_SEX=8,CS_ESCOL_N=10,0.04838,0.5855725006051803,5.016039922949977,0.08262,0.11674,0.0387349412,2.1312774883177568
AUTOR_SEXO=3 & ORIENT_SEX=8,SIT_CONJUG=8,0.03542,0.92,4.933504933504934,0.0385,0.18648,0.028240519999999998,10.169000000000006
ORIENT_SEX=8 & REDE_SAU=1,CS_ESCOL_N=10,0.07412,0.5698908196217131,4.881709950502938,0.13006,0.11674,0.05893679560000001,2.053571605291384
CS_ESCOL_N=10 & CS_RACA=1,ORIENT_SEX=8,0.04838,0.99179991799918,4.779297985732363,0.04878,0.20752,0.038257174399999996,96.64293599999999
CS_ESCOL_N=10 & REDE_SAU=1,ORIENT_SEX=8,0.07412,0.9898504273504274,4.769903755543694,0.07488,0.20752,0.0585809024,78.08013473684238
CS_ESCOL_N=10 & SIT_CONJUG=8,ORIENT_SEX=8,0.11474,0.9893085014657699,4.767292316238289,0.11598,0.20752,0.09067183039999999,74.12244387096715
CS_ESCOL_N=10 & OUT_VEZES=2,ORIENT_SEX=8,0.05396,0.9868324798829554,4.755360832126809,0.05468,0.20752,0.0426128064,60.18445333333351
CS_ESCOL_N=10,ORIENT_SEX=8,0.11484,0.9837245160185026,4.7403841365579344,0.11674,0.20752,0.0906141152,48.69163957894731
ORIENT_SEX=8,CS_ESCOL_N=10,0.11484,0.5533924441017732,4.7403841365579344,0.20752,0.11674,0.0906141152,1.9777094864048335
AG_AMEACA=2 & CS_ESCOL_N=10,ORIENT_SEX=8,0.0982,0.9831798157789348,4.737759328156008,0.09988,0.20752,0.07747290239999999,47.11482285714297
AUTOR_SEXO=2 & CS_ESCOL_N=10,ORIENT_SEX=8,0.03438,0.9828473413379075,4.736157196115591,0.03498,0.20752,0.027120950400000003,46.20158400000039
AUTOR_SEXO=1 & CS_ESCOL_N=10,ORIENT_SEX=8,0.04192,0.982653539615565,4.735223301925429,0.04266,0.20752,0.0330671968,45.68540108108128
CS_ESCOL_N=10 & REDE_SAU=2,ORIENT_SEX=8,0.03798,0.9783616692426584,4.714541582703635,0.03882,0.20752,0.0299240736,36.62389714285717
CS_ESCOL_N=10 & CS_RACA=4,ORIENT_SEX=8,0.05274,0.9770285290848463,4.708117430054194,0.05398,0.20752,0.0415380704,34.4984438709678
AUTOR_SEXO=3 & SIT_CONJUG=8,ORIENT_SEX=8,0.03542,0.9635473340587595,4.643154076998648,0.03676,0.20752,0.0277915648,21.739973731343255
AUTOR_SEXO=2 & ORIENT_SEX=8,SIT_CONJUG=8,0.0456,0.8642911296436695,4.634765817479995,0.05276,0.18648,0.035761315200000005,5.994597094972069
CS_RACA=4 & ORIENT_SEX=8,CS_ESCOL_N=10,0.05274,0.5392638036809816,4.619357578216392,0.0978,0.11674,0.041322828000000006,1.9170623169107857
CS_RACA=1 & ORIENT_SEX=8,SIT_CONJUG=8,0.07054,0.8537884289518277,4.578445028699204,0.08262,0.18648,0.05513302240000001,5.563991920529804
AUTOR_SEXO=2 & SIT_CONJUG=8,ORIENT_SEX=8,0.0456,0.9472372247611134,4.564558716080924,0.04814,0.20752,0.0356099872,15.019679999999989
ORIENT_SEX=8 & SG_UF=35,SIT_CONJUG=8,0.037,0.8501838235294117,4.559115312791783,0.04352,0.18648,0.028884390399999998,5.430121226993863
CS_RACA=1 & SIT_CONJUG=8,ORIENT_SEX=8,0.07054,0.938031914893617,4.5202000524943,0.0752,0.20752,0.054934496000000006,12.788518454935625
AG_AMEACA=2 & ORIENT_SEX=8,SIT_CONJUG=8,0.14084,0.8403341288782816,4.506296272406058,0.1676,0.18648,0.10958595199999999,5.095140209267564
OUT_VEZES=2 & SIT_CONJUG=8,ORIENT_SEX=8,0.07446,0.933316620706944,4.497477933244718,0.07978,0.20752,0.0579040544,11.88422075187968
REDE_SAU=1 & SIT_CONJUG=8,ORIENT_SEX=8,0.10848,0.930200651689247,4.4824626623421695,0.11662,0.20752,0.08427901759999999,11.353687665847652
ORIENT_SEX=8 & REDE_SAU=2,CS_ESCOL_N=10,0.03798,0.522852422907489,4.478776965114691,0.07264,0.11674,0.0295000064,1.8511254010386615
ORIENT_SEX=8 & OUT_VEZES=2,SIT_CONJUG=8,0.07446,0.8349405696344472,4.4773732820380046,0.08918,0.18648,0.0578297136,4.9286490217391306
AG_AMEACA=2 & SIT_CONJUG=8,ORIENT_SEX=8,0.14084,0.9286562046683371,4.4750202615089485,0.15166,0.20752,0.1093675168,11.107903585951943
ORIENT_SEX=8 & REDE_SAU=1,SIT_CONJUG=8,0.10848,0.8340765800399814,4.472740133204534,0.13006,0.18648,0.08422641119999999,4.902984763670061
SIT_CONJUG=8,ORIENT_SEX=8,0.1724,0.9244959244959244,4.4549726508091965,0.18648,0.20752,0.1337016704,10.495857272727264
ORIENT_SEX=8,SIT_CONJUG=8,0.1724,0.830763299922899,4.4549726508091965,0.20752,0.18648,0.1337016704,4.806995170842825
REDE_SAU=2 & SIT_CONJUG=8,ORIENT_SEX=8,0.05982,0.9222941720629046,4.44436281834476,0.06486,0.20752,0.0463602528,10.198462857142848
CS_RACA=4 & SIT_CONJUG=8,ORIENT_SEX=8,0.08032,0.9185727355901189,4.426429913213757,0.08744,0.20752,0.0621744512,9.732366741573026
ORIENT_SEX=8 & REDE_SAU=2,SIT_CONJUG=8,0.05982,0.8235132158590308,4.416094036138088,0.07264,0.18648,0.0462740928,4.609523619344773
CS_RACA=4 & ORIENT_SEX=8,SIT_CONJUG=8,0.08032,0.8212678936605318,4.404053483808085,0.0978,0.18648,0.062082256,4.551616475972542
OUT_VEZES=1 & SIT_CONJUG=8,ORIENT_SEX=8,0.05314,0.8973319824383654,4.3240747033460165,0.05922,0.20752,0.0408506656,7.718859473684211
AUTOR_SEXO=1 & SIT_CONJUG=8,ORIENT_SEX=8,0.07704,0.8929068150208623,4.302750650640238,0.08628,0.20752,0.0591351744,7.399910649350651
SG_UF=35 & SIT_CONJUG=8,ORIENT_SEX=8,0.037,0.8907077515647568,4.292153775851758,0.04154,0.20752,0.028379619199999997,7.2510174449339155
ORIENT_SEX=8 & OUT_VEZES=1,SIT_CONJUG=8,0.05314,0.789364230540701,4.232969919244429,0.06732,0.18648,0.0405861664,3.862212016925245
AUTOR_SEXO=1 & SIT_CONJUG=8,CS_ESCOL_N=10,0.04232,0.49049605934167834,4.201610924633188,0.08628,0.11674,0.0322476728,1.7335685350318473
AUTOR_SEXO=1 & ORIENT_SEX=8,SIT_CONJUG=8,0.07704,0.7725631768953068,4.142874178975262,0.09972,0.18648,0.0584442144,3.5769053968253965
AUTOR_SEXO=1 & ORIENT_SEX=8,CS_ESCOL_N=10,0.04192,0.4203770557561171,3.6009684406040527,0.09972,0.11674,0.0302786872,1.5238527197231833
AG_AMEACA=2 & AUTOR_SEXO=3,SIT_CONJUG=8,0.03214,0.5029733959311424,2.6971975328782842,0.0639,0.18648,0.020223928000000002,1.6367735516372797
AUTOR_SEXO=3,SIT_CONJUG=8,0.03676,0.47889525794684734,2.5680783888183574,0.07676,0.18648,0.0224457952,1.5611448799999998
AG_AMEACA=2 & AUTOR_SEXO=3,ORIENT_SEX=8,0.03342,0.5230046948356807,2.5202616366407127,0.0639,0.20752,0.020159471999999998,1.6613999999999998
AUTOR_SEXO=3,ORIENT_SEX=8,0.0385,0.5015633142261595,2.4169396406426342,0.07676,0.20752,0.0225707648,1.5899311238891793
SG_UF=43,CS_RACA=1,0.04266,0.7628755364806866,2.023220539120264,0.05592,0.37706,0.021574804799999996,2.6270591855203613
AUTOR_SEXO=1 & SG_UF=43,CS_RACA=1,0.03024,0.7537387836490528,1.9989889769507578,0.04012,0.37706,0.015112352799999998,2.5295903643724693
CS_ESCOL_N=06 & OUT_VEZES=1,AG_AMEACA=1,0.04056,0.4484741264927023,1.9357481288531695,0.09044,0.23168,0.019606860799999997,1.3930806094627106
OUT_VEZES=1 & REDE_SAU=2,AG_AMEACA=1,0.08102,0.44399386234107846,1.9164099721213677,0.18248,0.23168,0.0387430336,1.3818552493593532
CS_ESCOL_N=06 & CS_RACA=1,SG_UF=35,0.03382,0.4484221691858924,1.7949810631090082,0.07542,0.24982,0.014978575600000002,1.3600619134615388
ORIENT_SEX=1 & OUT_VEZES=1,AG_AMEACA=1,0.12212,0.4083734617442483,1.7626616960646078,0.29904,0.23168,0.05283841280000001,1.2986570924711733
CS_ESCOL_N=06 & REDE_SAU=1,SG_UF=35,0.04788,0.43918547055586127,1.7580076477298106,0.10902,0.24982,0.0206446236,1.3376614916584888
OUT_VEZES=1 & SIT_CONJUG=2,AG_AMEACA=1,0.05084,0.4043263877843169,1.7451933174392131,0.12574,0.23168,0.021708556800000004,1.2898338691588784
CS_ESCOL_N=06 & OUT_VEZES=1,SIT_CONJUG=2,0.0356,0.39363113666519234,1.7250904402892118,0.09044,0.22818,0.014963400799999999,1.272855594456601
REDE_SAU=1 & SG_UF=41,CS_RACA=1,0.03324,0.6494724501758499,1.7224644623557255,0.05118,0.37706,0.013942069199999997,1.7771498996655517
AG_AMEACA=1 & SIT_CONJUG=2,OUT_VEZES=1,0.05084,0.7450175849941384,1.7219469906950917,0.06824,0.43266,0.021315281600000006,2.2250161839080462
ORIENT_SEX=1 & SG_UF=41,CS_RACA=1,0.032,0.644122383252818,1.7082755615891847,0.04968,0.37706,0.0132676592,1.7504332126696833
AG_AMEACA=2 & SG_UF=33,CS_ESCOL_N=09,0.0311,0.3641686182669789,1.7031550756102276,0.0854,0.21382,0.012839771999999996,1.2364598895027623
AUTOR_SEXO=1 & OUT_VEZES=1,AG_AMEACA=1,0.13792,0.39457572809978825,1.7031065612041965,0.34954,0.23168,0.05693857279999999,1.2690604517531423
AG_AMEACA=1 & REDE_SAU=2,OUT_VEZES=1,0.08102,0.7362777171937477,1.701746676821864,0.11004,0.43266,0.033410093599999996,2.151278208132322
AG_AMEACA=2 & SG_UF=41,CS_RACA=1,0.04244,0.6381954887218044,1.692556857587133,0.0665,0.37706,0.017365509999999997,1.721758520365752
ORIENT_SEX=1 & REDE_SAU=2,AG_AMEACA=1,0.08564,0.3883195792146549,1.676103156140603,0.22054,0.23168,0.03454529279999999,1.256080747220163
REDE_SAU=2 & SIT_CONJUG=2,AG_AMEACA=1,0.03282,0.38145048814504884,1.6464541097420962,0.08604,0.23168,0.012886252800000001,1.2421317700112742
CS_ESCOL_N=06 & ORIENT_SEX=1,SIT_CONJUG=2,0.0566,0.37428911519640257,1.640323933720758,0.15122,0.22818,0.0220946204,1.2335089875290635
SG_UF=41,CS_RACA=1,0.05792,0.6169578184916915,1.6362324788937874,0.09388,0.37706,0.022521607199999995,1.626296084538376
AG_AMEACA=1 & ORIENT_SEX=1,OUT_VEZES=1,0.12212,0.7031321971441732,1.6251379770354857,0.17368,0.43266,0.0469756112,1.9110863304887509
AG_AMEACA=1 & CS_ESCOL_N=06,OUT_VEZES=1,0.04056,0.7014873746108612,1.6213363255462978,0.05782,0.43266,0.015543598799999999,1.900556129779837
AG_AMEACA=2 & CS_ESCOL_N=06,SG_UF=35,0.049,0.40495867768595045,1.6210018320628872,0.121,0.24982,0.018771780000000005,1.2607191666666668
ORIENT_SEX=1 & OUT_VEZES=1,SIT_CONJUG=2,0.11032,0.36891385767790263,1.616766840555275,0.29904,0.22818,0.04208505280000001,1.2230026112759644
AG_AMEACA=1 & AUTOR_SEXO=1,OUT_VEZES=1,0.13792,0.6992496451024133,1.6161642978375936,0.19724,0.43266,0.05258214159999999,1.886415064059339
AUTOR_SEXO=1 & CS_ESCOL_N=06,SIT_CONJUG=2,0.05348,0.3666026871401151,1.6066381240253973,0.14588,0.22818,0.0201931016,1.2185400606060603
CS_ESCOL_N=05 & REDE_SAU=1,SIT_CONJUG=1,0.0355,0.6274301873453517,1.5968395280091412,0.05658,0.39292,0.013268586399999997,1.6294395825426946
AG_AMEACA=2 & CS_ESCOL_N=05,SIT_CONJUG=1,0.04124,0.6259866423800851,1.5931656377381784,0.06588,0.39292,0.0153544304,1.623150584415585
CS_RACA=4 & OUT_VEZES=1,AG_AMEACA=1,0.07182,0.3683076923076923,1.5897258818529536,0.195,0.23168,0.026642399999999997,1.2162883584997564
OUT_VEZES=1 & SIT_CONJUG=1,AG_AMEACA=1,0.0643,0.36679977181973755,1.5832172471501103,0.1753,0.23168,0.023686495999999994,1.2133918558558558
AG_AMEACA=1 & CS_RACA=4,OUT_VEZES=1,0.07182,0.6843910806174957,1.5818219401319642,0.10494,0.43266,0.026416659599999996,1.7976044565217386
AUTOR_SEXO=1 & SG_UF=41,CS_RACA=1,0.03586,0.5948905109489051,1.5777078209009312,0.06028,0.37706,0.013130823200000002,1.5377077477477479
CS_ESCOL_N=03 & ORIENT_SEX=1,SIT_CONJUG=1,0.0561,0.6159420289855072,1.5676016211582695,0.09108,0.39292,0.0203128464,1.5806988679245284
CS_ESCOL_N=05,SIT_CONJUG=1,0.05722,0.6157985363753766,1.567236425672851,0.09292,0.39292,0.020709873599999998,1.5801085042016807
CS_ESCOL_N=09 & ORIENT_SEX=1,SIT_CONJUG=2,0.03904,0.3574436916315693,1.5664987800489496,0.10922,0.22818,0.0141181804,1.201170994585352
AUTOR_SEXO=1 & REDE_SAU=2,AG_AMEACA=1,0.09708,0.36264475158759807,1.5652829402089006,0.2677,0.23168,0.035059264,1.2054815613644356
CS_ESCOL_N=05 & ORIENT_SEX=1,SIT_CONJUG=1,0.0437,0.6148002250984805,1.5646956762152107,0.07108,0.39292,0.0157712464,1.5760133820306792
ORIENT_SEX=1 & SG_UF=35,SIT_CONJUG=2,0.05968,0.3562559694364852,1.5612935815430151,0.16752,0.22818,0.021455286399999995,1.1989548071216616
SG_UF=23,CS_RACA=4,0.0346,0.7336726039016115,1.5600097892868627,0.04716,0.4703,0.012420651999999997,1.9889054140127387
AG_AMEACA=1,OUT_VEZES=1,0.15632,0.6747237569060773,1.559478012541204,0.23168,0.43266,0.05608133119999999,1.7441790233545644
OUT_VEZES=1,AG_AMEACA=1,0.15632,0.36129986594554614,1.559478012541204,0.43266,0.23168,0.05608133119999999,1.2029432264601578
CS_RACA=1 & REDE_SAU=1,SG_UF=35,0.09248,0.3882125766098565,1.5539691642376772,0.23822,0.24982,0.032967879600000013,1.2262102346644712
SG_UF=26,CS_RACA=4,0.03224,0.7287522603978299,1.5495476512817987,0.04424,0.4703,0.011433927999999996,1.9528273333333328
CS_RACA=1 & OUT_VEZES=1,AG_AMEACA=1,0.06042,0.35870339586796485,1.5482708730488814,0.16844,0.23168,0.0213958208,1.1980727717089428
AUTOR_SEXO=1 & ORIENT_SEX=1,SIT_CONJUG=2,0.1662,0.3507661137140686,1.537234261171306,0.47382,0.22818,0.05808375239999998,1.1888165671932902
AG_AMEACA=1 & CS_RACA=1,OUT_VEZES=1,0.06042,0.6600393270701334,1.525538129409082,0.09154,0.43266,0.020814303600000007,1.6688400899742932
AUTOR_SEXO=2 & ORIENT_SEX=1,OUT_VEZES=2,0.04442,0.5843199158116285,1.5250023901545788,0.07602,0.38316,0.015292176799999998,1.4839296455696203
AUTOR_SEXO=1 & CS_ESCOL_N=06,AG_AMEACA=1,0.0515,0.35302988757883186,1.5237823186241015,0.14588,0.23168,0.017702521599999993,1.1875664505191776
AUTOR_SEXO=1 & CS_ESCOL_N=05,SIT_CONJUG=1,0.04294,0.596388888888889,1.517837954008167,0.072,0.39292,0.014649760000000001,1.5041211286992433
SG_UF=35 & SIT_CONJUG=2,ORIENT_SEX=1,0.05968,0.8979837496238338,1.5127248907109492,0.06646,0.59362,0.020228014799999992,3.9834830088495523
CS_RACA=1 & SIT_CONJUG=2,SG_UF=35,0.03336,0.37652370203160274,1.5071799777103625,0.0886,0.24982,0.011225948000000003,1.2032213613323681
CS_ESCOL_N=06 & SIT_CONJUG=2,ORIENT_SEX=1,0.0566,0.8941548183254344,1.5062747520727644,0.0633,0.59362,0.019023854,3.83938119402985
AG_AMEACA=2 & CS_ESCOL_N=03,SIT_CONJUG=1,0.05706,0.5910503418272218,1.5042510990207214,0.09654,0.39292,0.0191275032,1.4844858966565349
AG_AMEACA=1 & SIT_CONJUG=2,ORIENT_SEX=1,0.06062,0.888335287221571,1.4964712900872121,0.06824,0.59362,0.0201113712,3.6392875590551186
CS_ESCOL_N=03 & REDE_SAU=1,SIT_CONJUG=1,0.04856,0.5871825876662636,1.4944074815897985,0.0827,0.39292,0.016065516000000002,1.4705775043936733
AG_AMEACA=1 & SIT_CONJUG=1,OUT_VEZES=1,0.0643,0.6463610776035383,1.4939238145507752,0.09948,0.43266,0.021258983199999998,1.604291733939738
AUTOR_SEXO=2 & SIT_CONJUG=1,OUT_VEZES=2,0.03392,0.5712361064331424,1.490855273079503,0.05938,0.38316,0.011167959199999997,1.4386472584446188
AUTOR_SEXO=1 & SIT_CONJUG=4,OUT_VEZES=1,0.03162,0.6447797716150082,1.4902689678153938,0.04904,0.43266,0.010402353600000004,1.5971500344431688
CS_RACA=1 & ORIENT_SEX=1,SG_UF=35,0.08522,0.37123192193761984,1.4859976060268187,0.22956,0.24982,0.02787132080000001,1.193094920327006
AG_AMEACA=1 & SG_UF=35,OUT_VEZES=1,0.03292,0.6417153996101365,1.4831863347897576,0.0513,0.43266,0.010724542,1.5834897714907508
CS_ESCOL_N=06 & ORIENT_SEX=1,SG_UF=35,0.05596,0.37005687078428784,1.4812940148278275,0.15122,0.24982,0.018182219600000007,1.1908694058366578
OUT_VEZES=1 & SIT_CONJUG=2,ORIENT_SEX=1,0.11032,0.8773659933195483,1.477992643980237,0.12574,0.59362,0.0356782212,3.31376272373541
REDE_SAU=1 & SIT_CONJUG=2,ORIENT_SEX=1,0.1171,0.8728384019081693,1.4703655569356984,0.13416,0.59362,0.037459940799999994,3.195776131301288
CS_RACA=1 & OUT_VEZES=2,SG_UF=35,0.0553,0.36719787516600266,1.4698497925146212,0.1506,0.24982,0.017677108000000004,1.1854890661070305
OUT_VEZES=1 & SIT_CONJUG=4,ORIENT_SEX=1,0.031,0.8722566122678671,1.469385486115473,0.03554,0.59362,0.009902745199999997,3.1812214096916276
AG_AMEACA=1 & CS_ESCOL_N=06,ORIENT_SEX=1,0.05042,0.87201660325147,1.4689811718801085,0.05782,0.59362,0.016096891599999996,3.17525562162162
CS_RACA=1 & SIT_CONJUG=2,ORIENT_SEX=1,0.07704,0.8695259593679459,1.464785484599484,0.0886,0.59362,0.024445267999999992,3.1146425605536336
AUTOR_SEXO=1 & SIT_CONJUG=2,ORIENT_SEX=1,0.1662,0.8691559460307499,1.4641621677685217,0.19122,0.59362,0.052687983599999974,3.1058346762589912
CS_ESCOL_N=03 & CS_RACA=4,SIT_CONJUG=1,0.03962,0.5740365111561867,1.4609500945642542,0.06902,0.39292,0.012500661600000004,1.4251925714285718
CS_ESCOL_N=03,SIT_CONJUG=1,0.07756,0.5739233387598046,1.4606620654581204,0.13514,0.39292,0.0244607912,1.4248140187565128
ORIENT_SEX=1 & OUT_VEZES=2,SIT_CONJUG=1,0.13216,0.5725673685122606,1.4572110569893633,0.23082,0.39292,0.0414662056,1.4202939955402394
AUTOR_SEXO=1 & SIT_CONJUG=4,ORIENT_SEX=1,0.04242,0.8650081566068515,1.4571748873131825,0.04904,0.59362,0.013308875199999997,3.010404108761328
CS_ESCOL_N=06 & OUT_VEZES=1,ORIENT_SEX=1,0.07822,0.8648827952233524,1.456963706113932,0.09044,0.59362,0.02453300719999999,3.0076110638297853
OUT_VEZES=2 & SIT_CONJUG=2,ORIENT_SEX=1,0.06364,0.8611637347767254,1.450698653644967,0.0739,0.59362,0.019771482,2.927045029239767
CS_ESCOL_N=06 & SG_UF=35,ORIENT_SEX=1,0.05596,0.8572303921568627,1.4440726258496388,0.06528,0.59362,0.0172084864,2.8464041201716728
SIT_CONJUG=2,ORIENT_SEX=1,0.19552,0.8568673853974932,1.443461112155071,0.22818,0.59362,0.06006778839999999,2.8391851928965086
CS_RACA=4 & SIT_CONJUG=2,ORIENT_SEX=1,0.08994,0.8565714285714287,1.4429625493942735,0.105,0.59362,0.027609900000000007,2.833326693227093
REDE_SAU=2 & SIT_CONJUG=2,ORIENT_SEX=1,0.07366,0.8561134356113436,1.4421910239064444,0.08604,0.59362,0.022584935199999996,2.8243081744749596
AUTOR_SEXO=1 & CS_ESCOL_N=06,ORIENT_SEX=1,0.12462,0.8542637784480394,1.4390751296250788,0.14588,0.59362,0.03802271439999998,2.7884625776105336
AUTOR_SEXO=1 & CS_ESCOL_N=03,SIT_CONJUG=1,0.05974,0.5651844843897824,1.43842126740757,0.1057,0.39292,0.018208356000000002,1.3961783289817233
SIT_CONJUG=4,ORIENT_SEX=1,0.05022,0.852921195652174,1.4368134423573564,0.05888,0.59362,0.015267654399999997,2.7630085912240188
CS_ESCOL_N=06,SG_UF=35,0.06528,0.3578162683622013,1.4322963268041042,0.18244,0.24982,0.01970283920000001,1.1681703584841243
AG_AMEACA=1 & REDE_SAU=1,OUT_VEZES=1,0.07198,0.6194492254733219,1.4317228897363332,0.1162,0.43266,0.021704908000000002,1.490839167797377
CS_ESCOL_N=03 & OUT_VEZES=1,SIT_CONJUG=1,0.0401,0.5619394618834079,1.4301625315163595,0.07136,0.39292,0.012061228799999994,1.385835854126679
AG_AMEACA=1 & OUT_VEZES=1,REDE_SAU=2,0.08102,0.518295803480041,1.4290719187163368,0.15632,0.36268,0.024325862400000002,1.3230526215139444
AG_AMEACA=2 & SIT_CONJUG=2,ORIENT_SEX=1,0.13152,0.8481877982716367,1.4288396588248993,0.15506,0.59362,0.039473282799999995,2.6768599320305846
ORIENT_SEX=1 & SIT_CONJUG=4,OUT_VEZES=1,0.031,0.6172839506172839,1.4267183252837885,0.05022,0.43266,0.0092718148,1.482404516129032
AUTOR_SEXO=1 & CS_RACA=1,SG_UF=35,0.092,0.35502045226518486,1.4211050046640976,0.25914,0.24982,0.027261645200000004,1.1631066483187749
AG_AMEACA=2 & CS_RACA=1,SG_UF=35,0.09692,0.3542138732548791,1.4178763640015974,0.27362,0.24982,0.02856425160000002,1.1616539422750427
CS_ESCOL_N=06 & REDE_SAU=1,ORIENT_SEX=1,0.09154,0.8396624472573839,1.414478028464984,0.10902,0.59362,0.026823547599999983,2.5345278947368413
CS_ESCOL_N=06 & OUT_VEZES=2,SIT_CONJUG=1,0.04252,0.5548016701461378,1.4119965136570747,0.07664,0.39292,0.012406611200000004,1.3636169753810083
REDE_SAU=2 & SIT_CONJUG=2,OUT_VEZES=1,0.05252,0.610413761041376,1.4108393681906717,0.08604,0.43266,0.015293933599999997,1.4562629355608587
CS_ESCOL_N=08,ORIENT_SEX=1,0.0355,0.8364750235626767,1.4091085602956044,0.04244,0.59362,0.010306767199999997,2.4851249567723332
CS_ESCOL_N=06 & CS_RACA=1,ORIENT_SEX=1,0.06296,0.8347918324051976,1.4062730912118824,0.07542,0.59362,0.0181891796,2.4598057463884437
OUT_VEZES=2 & SG_UF=35,CS_RACA=1,0.0553,0.5300996932515338,1.4058762352186225,0.10432,0.37706,0.0159651008,1.3256854508363938
CS_ESCOL_N=06 & REDE_SAU=2,ORIENT_SEX=1,0.0568,0.8338226658837347,1.4046404532929055,0.06812,0.59362,0.016362605600000003,2.4454598586572445
REDE_SAU=2 & SG_UF=35,CS_RACA=1,0.03326,0.5296178343949045,1.4045982984005319,0.0628,0.37706,0.009580631999999999,1.324327420446852
AG_AMEACA=2 & AUTOR_SEXO=2,OUT_VEZES=2,0.07094,0.5352346461445602,1.3968959341908347,0.13254,0.38316,0.02015597360000001,1.327207363636364
CS_ESCOL_N=06,ORIENT_SEX=1,0.15122,0.828875246656435,1.396306132974689,0.18244,0.59362,0.04291996719999999,2.3747587187700185
SIT_CONJUG=4,OUT_VEZES=1,0.03554,0.6036005434782609,1.3950920895813361,0.05888,0.43266,0.010064979200000001,1.4312330419880033
CS_ESCOL_N=06 & CS_RACA=4,ORIENT_SEX=1,0.06862,0.8247596153846154,1.3893730254786147,0.0832,0.59362,0.019230815999999998,2.3189860082304525
AUTOR_SEXO=2 & ORIENT_SEX=1,SIT_CONJUG=1,0.04138,0.5443304393580637,1.3853467356155547,0.07602,0.39292,0.011510221599999999,1.332281224018476
CS_ESCOL_N=06 & SIT_CONJUG=1,ORIENT_SEX=1,0.0715,0.8203304268012849,1.3819117058072248,0.08716,0.59362,0.01976008079999999,2.261818697318006
AG_AMEACA=2 & CS_ESCOL_N=06,ORIENT_SEX=1,0.09882,0.8166942148760331,1.3757862182474194,0.121,0.59362,0.02699198,2.2169513074842206
CS_ESCOL_N=06 & OUT_VEZES=2,ORIENT_SEX=1,0.06254,0.8160229645093946,1.3746554437340295,0.07664,0.59362,0.0170449632,2.2088626382978727
CS_ESCOL_N=06 & REDE_SAU=2,OUT_VEZES=1,0.0405,0.5945390487375221,1.3741484046075951,0.06812,0.43266,0.011027200800000001,1.3992469514844317
CS_ESCOL_N=06 & SG_UF=35,CS_RACA=1,0.03382,0.5180759803921569,1.3739881726838086,0.06528,0.37706,0.0092055232,1.2926104005085823
AUTOR_SEXO=1 & SIT_CONJUG=2,OUT_VEZES=1,0.11326,0.5923020604539274,1.3689780900798028,0.19122,0.43266,0.0305267548,1.3915694561313494
AUTOR_SEXO=2 & CS_RACA=1,OUT_VEZES=2,0.03486,0.5221689634511684,1.3627961255119752,0.06676,0.38316,0.009280238400000002,1.290916564263323
SG_UF=35,CS_RACA=1,0.12826,0.5134096549515652,1.361612621205021,0.24982,0.37706,0.03406287080000002,1.2802144685751895
AG_AMEACA=1 & ORIENT_SEX=1,REDE_SAU=2,0.08564,0.49309074159373556,1.359575222217204,0.17368,0.36268,0.022649737599999997,1.2572664425261244
AG_AMEACA=1 & AUTOR_SEXO=1,REDE_SAU=2,0.09708,0.49219225309267894,1.357097863385571,0.19724,0.36268,0.025544996799999997,1.2550419009584666
AG_AMEACA=1 & SIT_CONJUG=1,ORIENT_SEX=1,0.08014,0.8055890631282671,1.3570787088175382,0.09948,0.59362,0.0210866824,2.0903144984488113
AG_AMEACA=1 & CS_RACA=4,REDE_SAU=2,0.0516,0.49170954831332186,1.3557669248740538,0.10494,0.36268,0.013540360799999998,1.2538500337457816
ORIENT_SEX=1 & SG_UF=33,SIT_CONJUG=1,0.0368,0.5317919075144508,1.353435578526038,0.0692,0.39292,0.009609936,1.296602962962963
SG_UF=35 & SIT_CONJUG=1,CS_RACA=1,0.04952,0.5094650205761317,1.3511510650191794,0.0972,0.37706,0.012869768000000004,1.2699196308724834
ORIENT_SEX=1 & SG_UF=35,CS_RACA=1,0.08522,0.5087153772683859,1.3491629376448997,0.16752,0.37706,0.02205490880000001,1.2679818809234509
AUTOR_SEXO=2 & REDE_SAU=1,OUT_VEZES=2,0.052,0.5166931637519873,1.3485049685561834,0.10064,0.38316,0.0134387776,1.2762906578947368
AUTOR_SEXO=1 & SG_UF=35,CS_RACA=1,0.092,0.5084558417154859,1.3484746239736005,0.18094,0.37706,0.0237747636,1.2673123858781203
REDE_SAU=1 & SG_UF=35,CS_RACA=1,0.09248,0.5081877129354875,1.3477635202235385,0.18198,0.37706,0.023862621200000003,1.266621465921788
CS_RACA=2 & ORIENT_SEX=1,SIT_CONJUG=1,0.03502,0.5293228536880291,1.3471517196580198,0.06616,0.39292,0.009024412800000003,1.2898013102119466
AG_AMEACA=2 & SG_UF=35,CS_RACA=1,0.09692,0.5066917607695525,1.3437961087613441,0.19128,0.37706,0.024795963200000007,1.262780449342942
CS_ESCOL_N=05 & OUT_VEZES=1,ORIENT_SEX=1,0.0361,0.7951541850220264,1.3395003285300804,0.0454,0.59362,0.009149651999999998,1.9838335483870961
ORIENT_SEX=1 & REDE_SAU=2,OUT_VEZES=1,0.12778,0.579396027931441,1.339148587647208,0.22054,0.43266,0.032361163600000006,1.348869810263044
AUTOR_SEXO=2 & CS_RACA=4,OUT_VEZES=2,0.03682,0.5122426265998887,1.3368896194798223,0.07188,0.38316,0.009278459199999999,1.2646451568739305
AUTOR_SEXO=1 & CS_ESCOL_N=04,ORIENT_SEX=1,0.03464,0.79340357306459,1.3365512837582796,0.04366,0.59362,0.008722550799999996,1.9670233702882478
AG_AMEACA=1 & SG_UF=35,ORIENT_SEX=1,0.04058,0.7910331384015594,1.3325580984494447,0.0513,0.59362,0.010127293999999998,1.9447102611940295
AUTOR_SEXO=1 & CS_ESCOL_N=05,ORIENT_SEX=1,0.05694,0.7908333333333334,1.3322215109553812,0.072,0.59362,0.014199360000000001,1.9428525896414346
SG_UF=35 & SIT_CONJUG=2,CS_RACA=1,0.03336,0.501956063797773,1.331236577196661,0.06646,0.37706,0.008300592399999997,1.25077318429003
AUTOR_SEXO=1 & REDE_SAU=2,OUT_VEZES=1,0.15372,0.5742248785954427,1.3271965945440825,0.2677,0.43266,0.037896918,1.3324874363923496
AG_AMEACA=1 & SIT_CONJUG=2,REDE_SAU=2,0.03282,0.4809495896834702,1.326099012031185,0.06824,0.36268,0.008070716800000002,1.2278576171654434
AUTOR_SEXO=2,OUT_VEZES=2,0.08164,0.5075220688797712,1.3245695502656103,0.16086,0.38316,0.0200048824,1.2525231305225955
OUT_VEZES=1 & SG_UF=35,CS_RACA=1,0.05534,0.49757237906851287,1.3196106165292336,0.11122,0.37706,0.0134033868,1.2398601789549035
AG_AMEACA=2 & CS_ESCOL_N=10,OUT_VEZES=2,0.0504,0.5046055266319583,1.3169577373211148,0.09988,0.38316,0.012129979200000002,1.2451491350040422
SG_UF=35 & SIT_CONJUG=1,ORIENT_SEX=1,0.07594,0.781275720164609,1.3161209530753832,0.0972,0.59362,0.01824013599999999,1.8579555973659447
AG_AMEACA=1 & OUT_VEZES=1,ORIENT_SEX=1,0.12212,0.7812180143295805,1.3160237430167119,0.15632,0.59362,0.02932532160000001,1.8574655438596501
AG_AMEACA=2 & CS_ESCOL_N=06,OUT_VEZES=2,0.06086,0.5029752066115702,1.3127028046026992,0.121,0.38316,0.01449764,1.2410648486863984
CS_ESCOL_N=09 & SIT_CONJUG=2,ORIENT_SEX=1,0.03904,0.7789305666400639,1.3121703558506517,0.05012,0.59362,0.009287765599999998,1.8382459927797836
AG_AMEACA=1 & REDE_SAU=2,ORIENT_SEX=1,0.08564,0.7782624500181752,1.3110448603789884,0.11004,0.59362,0.02031805519999999,1.8327071803278685
CS_RACA=1 & SIT_CONJUG=2,OUT_VEZES=1,0.05024,0.5670428893905192,1.3105969800548218,0.0886,0.43266,0.011906324000000003,1.3103838373305525
AG_AMEACA=1,REDE_SAU=2,0.11004,0.4749654696132597,1.3095992875627542,0.23168,0.36268,0.0260142976,1.2138630187438344
AG_AMEACA=1 & SIT_CONJUG=2,AUTOR_SEXO=1,0.0617,0.9041617819460728,1.307310057468079,0.06824,0.69162,0.0145038512,3.2177142507645287
AUTOR_SEXO=1 & SIT_CONJUG=1,ORIENT_SEX=1,0.22916,0.7758667388949079,1.3070090948669315,0.29536,0.59362,0.053828396799999984,1.8131177764350448
AG_AMEACA=1 & AUTOR_SEXO=1,ORIENT_SEX=1,0.15284,0.7748935307239911,1.3053696484687023,0.19724,0.59362,0.0357543912,1.8052790810810815
ORIENT_SEX=1 & SIT_CONJUG=2,OUT_VEZES=1,0.11032,0.5642389525368249,1.3041162865456128,0.19552,0.43266,0.02572631680000001,1.3019520751173708
AG_AMEACA=1 & CS_RACA=4,ORIENT_SEX=1,0.08118,0.7735849056603773,1.3031651656958614,0.10494,0.59362,0.018885517199999993,1.7948449999999994
OUT_VEZES=1 & SIT_CONJUG=2,AUTOR_SEXO=1,0.11326,0.9007475743597901,1.3023735206613316,0.12574,0.69162,0.026295701200000007,3.1070273397435924
CS_ESCOL_N=05 & OUT_VEZES=2,ORIENT_SEX=1,0.03006,0.7727506426735219,1.3017597834869477,0.0389,0.59362,0.006968182,1.7882558823529413
SG_UF=35 & SIT_CONJUG=1,OUT_VEZES=2,0.04846,0.49855967078189306,1.3011788046296404,0.0972,0.38316,0.011216848000000008,1.2301363972096844
CS_ESCOL_N=05 & REDE_SAU=1,ORIENT_SEX=1,0.04366,0.7716507599858607,1.2999069438123054,0.05658,0.59362,0.010072980399999994,1.7796424458204334
CS_ESCOL_N=06 & SIT_CONJUG=2,OUT_VEZES=1,0.0356,0.5624012638230648,1.299868866599789,0.0633,0.43266,0.008212622000000003,1.296484548736462
AG_AMEACA=1 & SIT_CONJUG=1,REDE_SAU=2,0.04686,0.47104945717732205,1.2988018561192292,0.09948,0.36268,0.010780593599999999,1.2048763511972633
OUT_VEZES=1 & SIT_CONJUG=1,ORIENT_SEX=1,0.13508,0.770564746149458,1.2980774673182474,0.1753,0.59362,0.031018413999999994,1.7712186474390845
CS_RACA=2 & SIT_CONJUG=1,ORIENT_SEX=1,0.03502,0.7676457693993862,1.2931602193311986,0.04562,0.59362,0.007939055600000001,1.748967509433962
CS_ESCOL_N=05 & CS_RACA=4,ORIENT_SEX=1,0.03524,0.7667536988685814,1.2916574557268645,0.04596,0.59362,0.007957224799999999,1.7422784328358205
AG_AMEACA=2 & ORIENT_SEX=1,SIT_CONJUG=1,0.20606,0.5073120291496381,1.2911331292620334,0.40618,0.39292,0.0464637544,1.2321794643214075
AUTOR_SEXO=1 & CS_ESCOL_N=03,OUT_VEZES=1,0.059,0.5581835383159887,1.2901205064392103,0.1057,0.43266,0.013267837999999997,1.2841078800856531
OUT_VEZES=2 & SIT_CONJUG=1,ORIENT_SEX=1,0.13216,0.7652576722640417,1.2891372801860477,0.1727,0.59362,0.029641825999999996,1.731174790330538
AG_AMEACA=2 & SIT_CONJUG=1,OUT_VEZES=2,0.13958,0.4937738785906326,1.2886884815498294,0.28268,0.38316,0.03126833120000001,1.2185068567435362
CS_ESCOL_N=05,ORIENT_SEX=1,0.07108,0.7649591046061128,1.288634319271778,0.09292,0.59362,0.0159208296,1.7289757142857145
CS_ESCOL_N=04,ORIENT_SEX=1,0.0436,0.7649122807017543,1.288555440688916,0.057,0.59362,0.009763659999999993,1.7286313432835814
AG_AMEACA=1 & CS_ESCOL_N=06,AUTOR_SEXO=1,0.0515,0.8906952611553095,1.287839075150096,0.05782,0.69162,0.011510531599999992,2.821286645569618
CS_ESCOL_N=05 & SIT_CONJUG=1,ORIENT_SEX=1,0.0437,0.76371897937784,1.2865452299077522,0.05722,0.59362,0.009733063600000001,1.719901153846154
OUT_VEZES=1 & SIT_CONJUG=4,AUTOR_SEXO=1,0.03162,0.8897017445132246,1.2864025686261598,0.03554,0.69162,0.007039825199999999,2.795873775510205
CS_RACA=4 & ORIENT_SEX=1,SIT_CONJUG=1,0.13906,0.5034757422157856,1.2813695974136863,0.2762,0.39292,0.030535495999999995,1.222659297068689
AUTOR_SEXO=1 & OUT_VEZES=2,SIT_CONJUG=1,0.1234,0.5031395254016146,1.2805139097058296,0.24526,0.39292,0.0270324408,1.2218319448547514
CS_ESCOL_N=06 & OUT_VEZES=1,AUTOR_SEXO=1,0.08,0.8845643520566121,1.2789745120971228,0.09044,0.69162,0.0174498872,2.671445134099616
AUTOR_SEXO=1 & CS_RACA=2,OUT_VEZES=1,0.0414,0.5524419535628502,1.2768500752619845,0.07494,0.43266,0.0089764596,1.2676344543828262
OUT_VEZES=2 & SG_UF=35,REDE_SAU=1,0.07984,0.7653374233128835,1.2767114124593526,0.10432,0.59946,0.017304332800000002,1.7068763398692812
AG_AMEACA=1 & OUT_VEZES=1,AUTOR_SEXO=1,0.13792,0.8822927328556807,1.275690021768718,0.15632,0.69162,0.0298059616,2.619889217391304
AG_AMEACA=1 & REDE_SAU=2,AUTOR_SEXO=1,0.09708,0.8822246455834242,1.2755915756968048,0.11004,0.69162,0.020974135199999994,2.6183746296296286
ORIENT_SEX=1 & REDE_SAU=1,SIT_CONJUG=1,0.17956,0.5005854474491218,1.2740136604120986,0.3587,0.39292,0.038619596000000006,1.215583320308139
SIT_CONJUG=2,OUT_VEZES=1,0.12574,0.5510561837146113,1.2736471680178691,0.22818,0.43266,0.027015641199999996,1.2637216048418587
CS_ESCOL_N=06 & SIT_CONJUG=1,OUT_VEZES=2,0.04252,0.4878384580082607,1.2731977711876519,0.08716,0.38316,0.0091237744,1.2043856272401434
CS_ESCOL_N=10 & OUT_VEZES=2,AG_AMEACA=2,0.0504,0.9217264081931237,1.272505188437921,0.05468,0.72434,0.010793088800000003,3.521749719626171
AG_AMEACA=1 & ORIENT_SEX=1,AUTOR_SEXO=1,0.15284,0.8800092123445417,1.2723883235657465,0.17368,0.69162,0.032719438399999995,2.570030633397312
AG_AMEACA=2 & AUTOR_SEXO=3,OUT_VEZES=2,0.0311,0.486697965571205,1.2702212276104108,0.0639,0.38316,0.0066160759999999985,1.2017096341463414
REDE_SAU=2 & SIT_CONJUG=2,AUTOR_SEXO=1,0.07556,0.8781961878196187,1.2697669064220507,0.08604,0.69162,0.0160530152,2.5317762595419833
CS_RACA=1 & SIT_CONJUG=1,ORIENT_SEX=1,0.10836,0.7537562604340567,1.2697622392002572,0.14376,0.59362,0.023021188799999995,1.65031606779661
REDE_SAU=1 & SIT_CONJUG=1,ORIENT_SEX=1,0.17956,0.7529984064413319,1.268485574005815,0.23846,0.59362,0.03800537479999999,1.645252543293718
AUTOR_SEXO=1 & CS_ESCOL_N=06,OUT_VEZES=1,0.08,0.5483959418700302,1.2674985944391213,0.14588,0.43266,0.016883559199999995,1.2562774620522161
CS_ESCOL_N=03 & ORIENT_SEX=1,OUT_VEZES=1,0.04982,0.5469916556873079,1.2642528906931723,0.09108,0.43266,0.01041332720000001,1.252383111972855
SG_UF=35 & SIT_CONJUG=1,REDE_SAU=1,0.07364,0.7576131687242799,1.26382605799266,0.0972,0.59946,0.015372488000000004,1.6524825127334468
AUTOR_SEXO=1 & ORIENT_SEX=1,OUT_VEZES=1,0.25906,0.5467477101008822,1.2636890632387607,0.47382,0.43266,0.05405703880000001,1.2517090650027938
AG_AMEACA=1,ORIENT_SEX=1,0.17368,0.7496546961325967,1.262852828632116,0.23168,0.59362,0.036150118399999986,1.623277903448276
AG_AMEACA=2 & CS_ESCOL_N=05,ORIENT_SEX=1,0.04938,0.7495446265938069,1.2626674077588473,0.06588,0.59362,0.010272314400000003,1.622564509090909
CS_RACA=2 & ORIENT_SEX=1,OUT_VEZES=1,0.03606,0.5450423216444983,1.2597474267195912,0.06616,0.43266,0.007435214400000004,1.247017089700997
REDE_SAU=1 & SIT_CONJUG=1,OUT_VEZES=2,0.11506,0.48251279040509937,1.2592984403515486,0.23846,0.38316,0.02369166639999999,1.1919908136142627
CS_ESCOL_N=06 & CS_RACA=4,SIT_CONJUG=1,0.04112,0.4942307692307692,1.2578407035293933,0.0832,0.39292,0.008429055999999997,1.200310266159696
REDE_SAU=2 & SIT_CONJUG=1,ORIENT_SEX=1,0.1062,0.7458912768647282,1.2565130502084298,0.14238,0.59362,0.02168038439999999,1.5992367164179104
AG_AMEACA=2 & CS_ESCOL_N=05,OUT_VEZES=2,0.0317,0.4811778992106861,1.2558145401677787,0.06588,0.38316,0.006457419200000002,1.188923908718549
CS_ESCOL_N=10 & REDE_SAU=1,OUT_VEZES=2,0.03598,0.4805021367521367,1.2540508841009936,0.07488,0.38316,0.007288979199999997,1.187377357326478
SG_UF=35 & SIT_CONJUG=8,REDE_SAU=1,0.03122,0.751564756860857,1.253736290763115,0.04154,0.59946,0.0063184316,1.6122511240310078
CS_ESCOL_N=06 & REDE_SAU=1,OUT_VEZES=2,0.05236,0.48027884791781317,1.2534681279826003,0.10902,0.38316,0.010587896799999996,1.1868672220261207
SIT_CONJUG=1,ORIENT_SEX=1,0.29234,0.7440191387559808,1.2533592849903654,0.39292,0.59362,0.05909482959999998,1.5875405607476631
ORIENT_SEX=1,SIT_CONJUG=1,0.29234,0.4924699302584144,1.2533592849903654,0.59362,0.39292,0.05909482959999998,1.196145876261285
ORIENT_SEX=1 & OUT_VEZES=1,AUTOR_SEXO=1,0.25906,0.8663055109684324,1.2525744064203355,0.29904,0.69162,0.05223795520000002,2.3066021810905473
AUTOR_SEXO=3 & OUT_VEZES=2,AG_AMEACA=2,0.0311,0.9072345390898483,1.252498190200525,0.03428,0.72434,0.006269624800000002,2.9715801257861636
AUTOR_SEXO=1 & OUT_VEZES=1,ORIENT_SEX=1,0.25906,0.7411455055215426,1.2485184217538872,0.34954,0.59362,0.05156606519999998,1.5699167241379308
CS_RACA=4 & SIT_CONJUG=1,ORIENT_SEX=1,0.13906,0.7410999786825836,1.2484417281806266,0.18764,0.59362,0.027673143199999986,1.5696406587072864
AG_AMEACA=1 & CS_RACA=4,AUTOR_SEXO=1,0.09056,0.8629693157995044,1.2477506662611035,0.10494,0.69162,0.0179813972,2.2504448678720435
AG_AMEACA=2 & CS_ESCOL_N=06,SIT_CONJUG=1,0.05932,0.4902479338842975,1.2477041990336393,0.121,0.39292,0.011776679999999998,1.190931906614786
SG_UF=35 & SIT_CONJUG=2,OUT_VEZES=1,0.03584,0.5392717424014444,1.2464099810508122,0.06646,0.43266,0.0070854163999999956,1.23139831482691
AG_AMEACA=2 & CS_ESCOL_N=04,ORIENT_SEX=1,0.03038,0.7395326192794548,1.2458013868795774,0.04108,0.59362,0.005994090399999999,1.5601953644859816
AUTOR_SEXO=2 & CS_ESCOL_N=10,AG_AMEACA=2,0.0315,0.9005145797598628,1.2432208351877059,0.03498,0.72434,0.006162586800000001,2.77085827586207
CS_RACA=4 & SG_UF=35,REDE_SAU=1,0.06676,0.7450892857142857,1.2429341168956822,0.0896,0.59946,0.013048384000000003,1.57129527145359
AG_AMEACA=1 & CS_RACA=1,ORIENT_SEX=1,0.0675,0.7373825649989076,1.2421794498145406,0.09154,0.59362,0.013160025200000001,1.5474220133111483
CS_RACA=4 & SIT_CONJUG=2,OUT_VEZES=1,0.05638,0.536952380952381,1.2410492787694285,0.105,0.43266,0.0109507,1.2252303578774166
ORIENT_SEX=8 & SG_UF=35,REDE_SAU=1,0.0323,0.7421875,1.2380934507723618,0.04352,0.59946,0.006211500800000002,1.553609696969697
AG_AMEACA=1 & CS_RACA=1,REDE_SAU=2,0.04108,0.4487655669652611,1.237359564809918,0.09154,0.36268,0.007880272799999997,1.1561687039239
AG_AMEACA=2 & SG_UF=35,REDE_SAU=1,0.14168,0.740694270179841,1.2356024925430238,0.19128,0.59946,0.0270152912,1.5446631290322579
CS_ESCOL_N=03 & CS_RACA=4,OUT_VEZES=1,0.03688,0.5343378730802667,1.2350064093751831,0.06902,0.43266,0.007017806800000005,1.218351176104543
AUTOR_SEXO=1 & CS_RACA=2,ORIENT_SEX=1,0.05494,0.7331198291966906,1.2349985330627178,0.07494,0.59362,0.010454117199999995,1.5227058599999994
CS_ESCOL_N=06 & OUT_VEZES=1,REDE_SAU=2,0.0405,0.44781070322865985,1.2347267652714786,0.09044,0.36268,0.0076992207999999965,1.1541694193031635
AG_AMEACA=2 & ORIENT_SEX=8,OUT_VEZES=2,0.07924,0.47279236276849645,1.2339293317895825,0.1676,0.38316,0.015022384,1.1700133997283841
OUT_VEZES=2 & SIT_CONJUG=8,AG_AMEACA=2,0.07126,0.8932063173727751,1.2331312883076664,0.07978,0.72434,0.013472154800000004,2.5812388262910795
AG_AMEACA=1,AUTOR_SEXO=1,0.19724,0.8513466850828729,1.2309457289882781,0.23168,0.69162,0.037005478399999986,2.0744912427409985
AUTOR_SEXO=1 & ORIENT_SEX=1,SIT_CONJUG=1,0.22916,0.4836435777299396,1.230895799984576,0.47382,0.39292,0.04298664560000001,1.1756995242377177
AUTOR_SEXO=2 & SG_UF=35,REDE_SAU=1,0.0326,0.7375565610859728,1.230368266583213,0.0442,0.59946,0.006103867999999995,1.526195517241379
AG_AMEACA=1 & REDE_SAU=1,ORIENT_SEX=1,0.08486,0.7302925989672978,1.230235839370806,0.1162,0.59362,0.015881356,1.5067439693682196
CS_ESCOL_N=06 & REDE_SAU=1,SIT_CONJUG=1,0.05266,0.48303063658044393,1.2293358357437747,0.10902,0.39292,0.009823861599999997,1.1743055642299505
CS_RACA=2 & OUT_VEZES=1,ORIENT_SEX=1,0.03606,0.7296641036017807,1.2291770890498646,0.04942,0.59362,0.0067232996,1.5032409880239521
ORIENT_SEX=1 & SIT_CONJUG=2,AUTOR_SEXO=1,0.1662,0.8500409165302781,1.229057743457792,0.19552,0.69162,0.030974457599999977,2.056427612551158
OUT_VEZES=1 & SG_UF=35,ORIENT_SEX=1,0.08112,0.7293652220823593,1.2286735994110025,0.11122,0.59362,0.015097583599999992,1.501580850498339
AG_AMEACA=1 & OUT_VEZES=2,ORIENT_SEX=1,0.04138,0.7290345313601128,1.2281165246455858,0.05676,0.59362,0.007686128799999997,1.4997482964889466
AG_AMEACA=2 & SIT_CONJUG=1,ORIENT_SEX=1,0.20606,0.7289514645535589,1.2279765920177197,0.28268,0.59362,0.038255498400000004,1.499288676585748
AG_AMEACA=1 & SIT_CONJUG=1,AUTOR_SEXO=1,0.0844,0.8484117410534782,1.226702150101903,0.09948,0.69162,0.0155976424,2.0343264190981443
ORIENT_SEX=8 & OUT_VEZES=2,AG_AMEACA=2,0.07924,0.8885400313971743,1.226689167238002,0.08918,0.72434,0.014643358800000006,2.473174929577466
CS_ESCOL_N=10 & SIT_CONJUG=8,OUT_VEZES=2,0.0545,0.4699086049318848,1.226403082085512,0.11598,0.38316,0.010061103199999998,1.1636483929733248
CS_ESCOL_N=10 & ORIENT_SEX=8,OUT_VEZES=2,0.05396,0.46987112504353884,1.226305264233059,0.11484,0.38316,0.009957905600000004,1.163566123521682
AG_AMEACA=2 & SIT_CONJUG=8,OUT_VEZES=2,0.07126,0.4698668073321905,1.2262939955428294,0.15166,0.38316,0.01314995440000001,1.1635566467661695
AUTOR_SEXO=1 & CS_ESCOL_N=05,OUT_VEZES=1,0.0382,0.5305555555555556,1.2262644005814163,0.072,0.43266,0.007048479999999999,1.2085349112426034
CS_ESCOL_N=06 & REDE_SAU=2,AUTOR_SEXO=1,0.05776,0.8479154433352907,1.2259845628167068,0.06812,0.69162,0.010646845599999996,2.0276877992277993
ORIENT_SEX=1 & REDE_SAU=2,SIT_CONJUG=1,0.1062,0.4815452979051419,1.2255555785023462,0.22054,0.39292,0.019545423199999995,1.170941255903446
CS_ESCOL_N=06 & SG_UF=35,REDE_SAU=1,0.04788,0.7334558823529411,1.2235276454691575,0.06528,0.59946,0.008747251199999993,1.5027155862068964
CS_ESCOL_N=10,OUT_VEZES=2,0.05468,0.46839129689909204,1.2224430966152313,0.11674,0.38316,0.009949901599999998,1.1603271285852401
REDE_SAU=2 & SIT_CONJUG=1,OUT_VEZES=1,0.07526,0.5285854754881303,1.2217109866595717,0.14238,0.43266,0.013657869199999992,1.2034843444576875
CS_ESCOL_N=06 & SIT_CONJUG=2,AUTOR_SEXO=1,0.05348,0.8448657187993681,1.2215750250128221,0.0633,0.69162,0.009700454000000004,1.9878262729124239
ORIENT_SEX=1 & SIT_CONJUG=4,AUTOR_SEXO=1,0.04242,0.8446833930704898,1.2213114037628896,0.05022,0.69162,0.0076868436,1.9854927692307685
ORIENT_SEX=1 & SG_UF=35,REDE_SAU=1,0.12258,0.7317335243553008,1.2206544629421494,0.16752,0.59946,0.022158460799999988,1.4930676635514015
CS_ESCOL_N=03,OUT_VEZES=1,0.07136,0.5280449903803464,1.220461772246906,0.13514,0.43266,0.012890327600000001,1.2021061084979618
CS_ESCOL_N=03 & SIT_CONJUG=1,ORIENT_SEX=1,0.0561,0.723310985043837,1.2184747566521292,0.07756,0.59362,0.010058832799999994,1.4687247343895615
CS_RACA=4 & SIT_CONJUG=2,AUTOR_SEXO=1,0.08848,0.8426666666666667,1.2183954580068053,0.105,0.69162,0.01585990000000001,1.9600423728813559
OUT_VEZES=1 & REDE_SAU=2,AUTOR_SEXO=1,0.15372,0.842393686979395,1.2180007619493292,0.18248,0.69162,0.027513182400000002,1.956647510431154
ORIENT_SEX=1 & REDE_SAU=2,AUTOR_SEXO=1,0.18566,0.8418427496145823,1.2172041722543916,0.22054,0.69162,0.03313012519999997,1.949831571100916
CS_ESCOL_N=05 & OUT_VEZES=1,AUTOR_SEXO=1,0.0382,0.8414096916299558,1.2165780220785343,0.0454,0.69162,0.0068004519999999985,1.9445072222222206
AUTOR_SEXO=1 & SG_UF=35,ORIENT_SEX=1,0.13066,0.7221178291146236,1.216464790799878,0.18094,0.59362,0.023250397199999995,1.462418400954654
CS_ESCOL_N=06,SIT_CONJUG=1,0.08716,0.47774610830958125,1.2158864611360614,0.18244,0.39292,0.01547567520000001,1.162423123425693
AUTOR_SEXO=1 & CS_RACA=2,SIT_CONJUG=1,0.0358,0.4777155057379236,1.215808576142532,0.07494,0.39292,0.006354575199999997,1.1623550127746551
SG_UF=35,REDE_SAU=1,0.18198,0.7284444800256185,1.2151677843819746,0.24982,0.59946,0.03222290280000001,1.4749838266509434
CS_RACA=4 & OUT_VEZES=1,REDE_SAU=2,0.08588,0.4404102564102564,1.2143218716506463,0.195,0.36268,0.015157400000000001,1.138905791788856
AUTOR_SEXO=2 & SIT_CONJUG=8,AG_AMEACA=2,0.04234,0.8795180722891567,1.2142337469822966,0.04814,0.72434,0.007470272399999998,2.287978000000001
AUTOR_SEXO=1 & OUT_VEZES=1,REDE_SAU=2,0.15372,0.4397779939348858,1.212578564946746,0.34954,0.36268,0.02694883279999999,1.1376204310080686
AUTOR_SEXO=2 & ORIENT_SEX=8,AG_AMEACA=2,0.04632,0.8779378316906747,1.212052118743511,0.05276,0.72434,0.008103821599999998,2.2583573913043478
SIT_CONJUG=2,AUTOR_SEXO=1,0.19122,0.8380226137260058,1.2116807115554868,0.22818,0.69162,0.0334061484,1.903846006493507
CS_ESCOL_N=10 & CS_RACA=1,AG_AMEACA=2,0.0428,0.8774087740877409,1.2113217192033312,0.04878,0.72434,0.0074666948,2.248611170568562
CS_RACA=2 & OUT_VEZES=1,AUTOR_SEXO=1,0.0414,0.8377175232699312,1.2112395871575883,0.04942,0.69162,0.0072201396000000015,1.900266783042394
AUTOR_SEXO=1 & SG_UF=35,REDE_SAU=1,0.13128,0.7255443793522716,1.210329929190057,0.18094,0.59946,0.02281370760000001,1.4593980587998394
SG_UF=41,REDE_SAU=2,0.0412,0.43885811674478054,1.2100422321186184,0.09388,0.36268,0.0071516016000000016,1.1357555353075168
SG_UF=33 & SIT_CONJUG=1,ORIENT_SEX=1,0.0368,0.7181889149102264,1.209846223021843,0.05124,0.59362,0.006382911199999997,1.442029861495845
AUTOR_SEXO=3 & SIT_CONJUG=8,AG_AMEACA=2,0.03214,0.8743199129488575,1.2070573390242945,0.03676,0.72434,0.005513261600000003,2.193346666666667
CS_RACA=1 & SIT_CONJUG=8,OUT_VEZES=2,0.0347,0.46143617021276595,1.2042910799999111,0.0752,0.38316,0.0058863679999999995,1.1453424197530866
SIT_CONJUG=4,AUTOR_SEXO=1,0.04904,0.8328804347826086,1.2042457343376545,0.05888,0.69162,0.0083174144,1.8452656910569099
CS_RACA=4 & OUT_VEZES=1,AUTOR_SEXO=1,0.16238,0.8327179487179487,1.2040107988750306,0.195,0.69162,0.027514099999999986,1.843473329245861
CS_ESCOL_N=06 & ORIENT_SEX=1,SIT_CONJUG=1,0.0715,0.47282105541595026,1.2033519683802054,0.15122,0.39292,0.012082637600000001,1.151563442047165
CS_RACA=1 & SG_UF=35,REDE_SAU=1,0.09248,0.7210353968501482,1.2028081887868218,0.12826,0.59946,0.015593260400000003,1.4358094019005032
AG_AMEACA=1 & CS_RACA=1,AUTOR_SEXO=1,0.07614,0.8317675333187677,1.2026366116057485,0.09154,0.69162,0.012829105199999996,1.833058779220779
CS_ESCOL_N=06 & REDE_SAU=2,SIT_CONJUG=1,0.03218,0.47240164415736935,1.202284546873077,0.06812,0.39292,0.0054142896,1.1506480133555927
CS_RACA=1 & SIT_CONJUG=1,OUT_VEZES=2,0.06622,0.4606288258208125,1.2021840114333764,0.14376,0.38316,0.011136918400000001,1.143628042300748
REDE_SAU=1 & SIT_CONJUG=2,OUT_VEZES=1,0.06974,0.5198270721526536,1.2014678319064707,0.13416,0.43266,0.011694334399999999,1.1815326668736417
CS_RACA=1 & ORIENT_SEX=1,SIT_CONJUG=1,0.10836,0.47203345530580243,1.2013474888165592,0.22956,0.39292,0.01816128480000001,1.149845584158416
CS_RACA=2 & ORIENT_SEX=1,AUTOR_SEXO=1,0.05494,0.8304111245465539,1.200675406359784,0.06616,0.69162,0.009182420800000007,1.818397575757576
AUTOR_SEXO=2 & OUT_VEZES=2,AG_AMEACA=2,0.07094,0.868936795688388,1.1996255842399812,0.08164,0.72434,0.011804882400000001,2.103260037383177
SG_UF=35 & SIT_CONJUG=2,AUTOR_SEXO=1,0.05512,0.8293710502557929,1.199171583030845,0.06646,0.69162,0.0091549348,1.8073134744268076
AUTOR_SEXO=3 & ORIENT_SEX=8,AG_AMEACA=2,0.03342,0.8680519480519481,1.198403992671878,0.0385,0.72434,0.0055329099999999985,2.089155511811024
AG_AMEACA=2 & SG_UF=35,OUT_VEZES=2,0.08776,0.4588038477624425,1.197421045418213,0.19128,0.38316,0.0144691552,1.139771591962906
CS_RACA=1 & SIT_CONJUG=2,AUTOR_SEXO=1,0.07328,0.8270880361173815,1.1958706169824203,0.0886,0.69162,0.012002467999999995,1.7834509138381198
CS_ESCOL_N=06 & ORIENT_SEX=1,OUT_VEZES=1,0.07822,0.5172596217431557,1.19553372565792,0.15122,0.43266,0.012793154799999998,1.175248695890411
CS_ESCOL_N=03 & OUT_VEZES=1,AUTOR_SEXO=1,0.059,0.8267937219730941,1.1954450738456004,0.07136,0.69162,0.009645996799999994,1.7804204530744328
CS_ESCOL_N=03 & SIT_CONJUG=1,OUT_VEZES=1,0.0401,0.5170190820010314,1.1949777700758828,0.07756,0.43266,0.006542890399999994,1.17466338494394
AG_AMEACA=2 & REDE_SAU=1,OUT_VEZES=2,0.2106,0.45766689847009734,1.1944537490085012,0.46016,0.38316,0.034285094399999994,1.1373821702195865
CS_ESCOL_N=06 & ORIENT_SEX=1,AUTOR_SEXO=1,0.12462,0.8240973416214786,1.1915464295732896,0.15122,0.69162,0.020033223599999997,1.753128706766917
CS_ESCOL_N=10 & REDE_SAU=1,AG_AMEACA=2,0.06462,0.8629807692307692,1.1914028898456102,0.07488,0.72434,0.010381420799999999,2.0118343859649115
CS_ESCOL_N=10 & REDE_SAU=2,AG_AMEACA=2,0.03348,0.8624420401854714,1.1906591382299354,0.03882,0.72434,0.005361121200000003,2.003955280898877
AG_AMEACA=2 & CS_RACA=1,OUT_VEZES=2,0.12478,0.4560339156494409,1.1901918667121854,0.27362,0.38316,0.01993976080000001,1.1339677559795756
CS_ESCOL_N=09 & SIT_CONJUG=2,AUTOR_SEXO=1,0.04122,0.8224261771747805,1.189130125176803,0.05012,0.69162,0.006556005599999998,1.736629842696629
AG_AMEACA=2 & ORIENT_SEX=1,OUT_VEZES=2,0.18504,0.45556157368654293,1.1889591128681045,0.40618,0.38316,0.029408071200000024,1.1329839522474452
AUTOR_SEXO=1 & SG_UF=33,OUT_VEZES=1,0.04224,0.5143692157817827,1.1888531775107076,0.08212,0.43266,0.006709960800000005,1.168253781344032
AG_AMEACA=1 & REDE_SAU=1,AUTOR_SEXO=1,0.09554,0.8222030981067125,1.1888075794608493,0.1162,0.69162,0.015173755999999997,1.7344509196515003
CS_RACA=4 & OUT_VEZES=1,ORIENT_SEX=1,0.13718,0.7034871794871794,1.1850799829641512,0.195,0.59362,0.021424099999999988,1.37053095814597
OUT_VEZES=1 & SIT_CONJUG=1,AUTOR_SEXO=1,0.14368,0.8196235025670279,1.1850777920925188,0.1753,0.69162,0.022439013999999993,1.709646236559139
AUTOR_SEXO=1 & CS_ESCOL_N=06,SIT_CONJUG=1,0.06792,0.4655881546476555,1.184943893534703,0.14588,0.39292,0.01060083039999999,1.135977814263725
OUT_VEZES=1 & SIT_CONJUG=1,REDE_SAU=2,0.07526,0.4293211637193382,1.1837464534006237,0.1753,0.36268,0.011682195999999992,1.1167752499000396
CS_RACA=1 & ORIENT_SEX=8,OUT_VEZES=2,0.03744,0.45315904139433555,1.1826888020522381,0.08262,0.38316,0.005783320799999998,1.1280062151394425
OUT_VEZES=2 & SG_UF=35,SIT_CONJUG=1,0.04846,0.4645322085889571,1.1822564608290673,0.10432,0.39292,0.007470585600000003,1.1337376584317942
CS_ESCOL_N=10 & SIT_CONJUG=8,AG_AMEACA=2,0.09924,0.8556647697878944,1.1813026614406141,0.11598,0.72434,0.015231046799999995,1.9098594265232969
CS_ESCOL_N=10,AG_AMEACA=2,0.09988,0.855576494774713,1.1811807918583994,0.11674,0.72434,0.015320548399999995,1.908692075919335
CS_ESCOL_N=10 & ORIENT_SEX=8,AG_AMEACA=2,0.0982,0.8551027516544758,1.1805267576752296,0.11484,0.72434,0.015016794400000005,1.9024515865384617
REDE_SAU=2 & SG_UF=35,OUT_VEZES=1,0.03206,0.5105095541401274,1.1799324045211654,0.0628,0.43266,0.004888952000000002,1.159042029928432
REDE_SAU=1 & SIT_CONJUG=2,AUTOR_SEXO=1,0.10948,0.8160405485986881,1.1798972681511353,0.13416,0.69162,0.016692260799999997,1.6763476823338734
ORIENT_SEX=1 & SIT_CONJUG=1,OUT_VEZES=2,0.13216,0.45207634945611275,1.17986311059639,0.29234,0.38316,0.020147005600000004,1.1257772855537522
OUT_VEZES=1 & REDE_SAU=2,ORIENT_SEX=1,0.12778,0.7002411223147742,1.179611742048405,0.18248,0.59362,0.0194562224,1.3556896234003655
CS_RACA=1 & REDE_SAU=2,OUT_VEZES=1,0.06582,0.510153464579135,1.179109380527747,0.12902,0.43266,0.009998206800000006,1.1581994746835442
ORIENT_SEX=1 & OUT_VEZES=1,REDE_SAU=2,0.12778,0.4273006955591226,1.178175514390434,0.29904,0.36268,0.01932417280000001,1.1128352960411072
AUTOR_SEXO=1 & CS_ESCOL_N=03,ORIENT_SEX=1,0.0738,0.6982024597918638,1.1761774532392166,0.1057,0.59362,0.011054365999999996,1.3465318495297807
CS_ESCOL_N=03 & OUT_VEZES=1,ORIENT_SEX=1,0.04982,0.6981502242152466,1.1760894582649617,0.07136,0.59362,0.007459276799999998,1.3462988300835654
CS_ESCOL_N=10 & REDE_SAU=1,CS_RACA=1,0.0332,0.44337606837606836,1.175876699666017,0.07488,0.37706,0.004965747199999999,1.1191398080614203
CS_ESCOL_N=09 & OUT_VEZES=1,REDE_SAU=2,0.03012,0.42638731596829,1.1756570970781128,0.07064,0.36268,0.004500284800000004,1.1110632971372165
AG_AMEACA=1 & ORIENT_SEX=1,SIT_CONJUG=1,0.08014,0.4614233072316905,1.174344159706023,0.17368,0.39292,0.011897654399999999,1.127193226427197
AUTOR_SEXO=1 & SG_UF=33,SIT_CONJUG=1,0.03788,0.4612761811982464,1.173969716986273,0.08212,0.39292,0.005613409600000001,1.1268853887884267
AUTOR_SEXO=2 & SIT_CONJUG=1,ORIENT_SEX=1,0.04138,0.6968676321993937,1.1739288302270707,0.05938,0.59362,0.006130844399999995,1.3406024666666665
CS_ESCOL_N=05 & ORIENT_SEX=1,OUT_VEZES=1,0.0361,0.5078784468204839,1.173851169094633,0.07108,0.43266,0.005346527199999999,1.152845260148656
AG_AMEACA=2 & SIT_CONJUG=2,AUTOR_SEXO=1,0.12578,0.8111698697278473,1.1728548476444396,0.15506,0.69162,0.018537402800000005,1.6331080191256833
CS_ESCOL_N=10 & CS_RACA=4,AG_AMEACA=2,0.04582,0.8488329010744721,1.1718708080107023,0.05398,0.72434,0.006720126800000004,1.8235449509803927
CS_ESCOL_N=03 & ORIENT_SEX=1,AUTOR_SEXO=1,0.0738,0.8102766798418973,1.1715634016394803,0.09108,0.69162,0.01080725040000001,1.625419583333334
OUT_VEZES=1 & SG_UF=33,AUTOR_SEXO=1,0.04224,0.8095055576849368,1.1704484510062416,0.05218,0.69162,0.0061512684,1.6188398792756544
SG_UF=35 & SIT_CONJUG=2,REDE_SAU=1,0.0466,0.7011736382786639,1.169675438358963,0.06646,0.59946,0.006759888399999997,1.3403770594159115
CS_ESCOL_N=06 & CS_RACA=4,AUTOR_SEXO=1,0.0673,0.8088942307692308,1.1695645452260357,0.0832,0.69162,0.009757215999999999,1.6136613836477993
AUTOR_SEXO=1 & CS_RACA=1,OUT_VEZES=1,0.13108,0.5058269661187004,1.169109615214488,0.25914,0.43266,0.018960487600000006,1.14805940652819
AUTOR_SEXO=3 & CS_RACA=4,AG_AMEACA=2,0.03012,0.8465430016863407,1.1687094481684577,0.03558,0.72434,0.0043479828000000005,1.7963338461538465
AUTOR_SEXO=1 & REDE_SAU=2,ORIENT_SEX=1,0.18566,0.6935375420246545,1.168319029049989,0.2677,0.59362,0.026747925999999977,1.3260351779619697
AUTOR_SEXO=3 & REDE_SAU=1,AG_AMEACA=2,0.04468,0.8462121212121212,1.168252645459482,0.0528,0.72434,0.006434848,1.7924689655172412
OUT_VEZES=1,AUTOR_SEXO=1,0.34954,0.8078860999399067,1.1681069083310296,0.43266,0.69162,0.05030369080000002,1.605193585178056
AUTOR_SEXO=1,OUT_VEZES=1,0.34954,0.5053931349585032,1.1681069083310296,0.69162,0.43266,0.05030369080000002,1.1470524169784846
AG_AMEACA=1 & CS_RACA=4,SIT_CONJUG=1,0.04816,0.45892891175910044,1.1679958051488863,0.10494,0.39292,0.006926975199999998,1.1219967453328639
CS_RACA=1 & ORIENT_SEX=1,OUT_VEZES=1,0.11596,0.5051402683394319,1.1675224618393933,0.22956,0.43266,0.016638570399999997,1.1464662887323942
OUT_VEZES=2 & REDE_SAU=1,SIT_CONJUG=1,0.11506,0.4585159799155176,1.16694487405965,0.25094,0.39292,0.016460655199999993,1.121141118634089
AUTOR_SEXO=1 & CS_RACA=1,ORIENT_SEX=1,0.17948,0.6925985953538628,1.1667372988677316,0.25914,0.59362,0.025649313199999996,1.3219848506151142
CS_ESCOL_N=01,OUT_VEZES=1,0.03006,0.5047011417058428,1.1665075156146694,0.05956,0.43266,0.004290770400000001,1.1454498440677965
AG_AMEACA=2 & AUTOR_SEXO=3,REDE_SAU=1,0.04468,0.6992175273865414,1.1664123167292921,0.0639,0.59946,0.006374506000000002,1.3316600416233089
ORIENT_SEX=1 & SG_UF=33,OUT_VEZES=1,0.03492,0.5046242774566474,1.1663298605293935,0.0692,0.43266,0.0049799280000000015,1.1452721120186697
CS_ESCOL_N=03 & REDE_SAU=1,OUT_VEZES=1,0.04172,0.5044740024183797,1.1659825322848882,0.0827,0.43266,0.005939018000000004,1.1449247925817472
AUTOR_SEXO=3,OUT_VEZES=2,0.03428,0.4465867639395519,1.1655359743698503,0.07676,0.38316,0.0048686384,1.114610131826742
AG_AMEACA=1 & SG_UF=35,AUTOR_SEXO=1,0.04134,0.8058479532163744,1.1651599913483912,0.0513,0.69162,0.005859894000000004,1.588342771084338
CS_RACA=4 & ORIENT_SEX=1,AUTOR_SEXO=1,0.22242,0.8052860246198407,1.1643475096437939,0.2762,0.69162,0.03139455599999999,1.5837589438452953
OUT_VEZES=1,ORIENT_SEX=1,0.29904,0.6911662737484399,1.1643244394535894,0.43266,0.59362,0.042204370799999946,1.3158536955545574
ORIENT_SEX=1,OUT_VEZES=1,0.29904,0.50375661197399,1.1643244394535894,0.59362,0.43266,0.042204370799999946,1.1432696408445921
CS_RACA=2,SIT_CONJUG=1,0.04562,0.4574809466506217,1.1643106654042088,0.09972,0.39292,0.006438017599999998,1.1190021737523108
CS_ESCOL_N=06 & REDE_SAU=1,CS_RACA=1,0.04784,0.43881856540084385,1.1637897560092394,0.10902,0.37706,0.006732918799999994,1.1100509774436091
SG_UF=35 & SIT_CONJUG=8,AG_AMEACA=2,0.035,0.8425613866153107,1.1632125612492898,0.04154,0.72434,0.004910916400000003,1.7509046483180442
OUT_VEZES=2 & SG_UF=35,ORIENT_SEX=1,0.07202,0.6903757668711656,1.1629927678837735,0.10432,0.59362,0.010093561600000002,1.3124941671826624
REDE_SAU=2,OUT_VEZES=1,0.18248,0.5031432667916621,1.1629068247391996,0.36268,0.43266,0.025562871200000004,1.141858330743618
OUT_VEZES=1,REDE_SAU=2,0.18248,0.4217630471964129,1.1629068247391996,0.43266,0.36268,0.025562871200000004,1.1021779166999761
AUTOR_SEXO=1 & REDE_SAU=1,ORIENT_SEX=1,0.27698,0.6902756317599561,1.1628240823421652,0.40126,0.59362,0.038784038799999976,1.312069832635983
CS_ESCOL_N=03 & CS_RACA=4,AUTOR_SEXO=1,0.0555,0.8041147493480151,1.1626539853503586,0.06902,0.69162,0.007764387599999999,1.574289023668639
CS_ESCOL_N=03 & REDE_SAU=2,AUTOR_SEXO=1,0.03996,0.8040241448692154,1.1625229820844039,0.0497,0.69162,0.005586486000000002,1.5735611909650928
AUTOR_SEXO=1 & CS_RACA=4,OUT_VEZES=1,0.16238,0.5028490028490029,1.162226697288871,0.32292,0.43266,0.022665432799999996,1.1411824641833812
OUT_VEZES=1 & REDE_SAU=1,ORIENT_SEX=1,0.16446,0.6898489932885906,1.1621053759788933,0.2384,0.59362,0.022940991999999993,1.3102649715985935
OUT_VEZES=2 & SG_UF=35,AG_AMEACA=2,0.08776,0.8412576687116565,1.1614126911556129,0.10432,0.72434,0.012196851200000011,1.7365248309178754
AG_AMEACA=2 & CS_RACA=2,SIT_CONJUG=1,0.0317,0.4559838895281933,1.1605005841601173,0.06952,0.39292,0.004384201600000002,1.1159228344791117
AUTOR_SEXO=1 & CS_RACA=4,ORIENT_SEX=1,0.22242,0.6887774061687105,1.1603002024337294,0.32292,0.59362,0.03072822959999999,1.305753528358209
CS_RACA=1 & OUT_VEZES=1,ORIENT_SEX=1,0.11596,0.6884350510567561,1.1597234780781578,0.16844,0.59362,0.01597064719999998,1.3043187347560972
OUT_VEZES=1 & SG_UF=35,REDE_SAU=1,0.07732,0.6951987052688365,1.1597082462029769,0.11122,0.59946,0.010648058799999999,1.314102029498525
CS_ESCOL_N=03 & OUT_VEZES=2,ORIENT_SEX=1,0.03336,0.6878350515463918,1.1587127312866679,0.0485,0.59362,0.004569429999999999,1.301811756935271
OUT_VEZES=2 & REDE_SAU=1,AG_AMEACA=2,0.2106,0.8392444409022077,1.1586332950026337,0.25094,0.72434,0.028834120400000024,1.714777402082301
CS_ESCOL_N=03 & REDE_SAU=1,ORIENT_SEX=1,0.05688,0.6877871825876662,1.1586320922267885,0.0827,0.59362,0.007787625999999999,1.3016121611154141
CS_ESCOL_N=05 & ORIENT_SEX=1,AUTOR_SEXO=1,0.05694,0.8010692177827798,1.1582505100818077,0.07108,0.69162,0.0077796503999999905,1.5501874398868447
ORIENT_SEX=1 & SG_UF=31,AUTOR_SEXO=1,0.04012,0.8007984031936128,1.1578589444978642,0.0501,0.69162,0.005469838000000005,1.54807995991984
CS_ESCOL_N=03 & CS_RACA=4,ORIENT_SEX=1,0.04742,0.6870472326861778,1.1573855878949122,0.06902,0.59362,0.006448347599999994,1.2985346111111107
ORIENT_SEX=8 & SG_UF=35,AG_AMEACA=2,0.03648,0.838235294117647,1.1572401001154802,0.04352,0.72434,0.004956723199999999,1.7040799999999992
CS_ESCOL_N=06,AUTOR_SEXO=1,0.14588,0.7996053497040124,1.1561339314999746,0.18244,0.69162,0.01970084720000001,1.5388634354485788
AUTOR_SEXO=2 & REDE_SAU=1,CS_RACA=1,0.04386,0.43581081081081086,1.1558128966498988,0.10064,0.37706,0.005912681600000004,1.1041331736526947
OUT_VEZES=1 & SG_UF=35,AUTOR_SEXO=1,0.08878,0.798237727027513,1.15415651228639,0.11122,0.69162,0.011858023600000003,1.5284324242424243
ORIENT_SEX=1,AUTOR_SEXO=1,0.47382,0.7981873926080657,1.1540837347214739,0.59362,0.69162,0.0632605356,1.528051215358931
AUTOR_SEXO=1,ORIENT_SEX=1,0.47382,0.6850871866053614,1.1540837347214739,0.69162,0.59362,0.0632605356,1.2904524132231405
ORIENT_SEX=1 & SG_UF=35,SIT_CONJUG=1,0.07594,0.4533190066857688,1.1537183311762416,0.16752,0.39292,0.010118041599999988,1.1104830923782487
OUT_VEZES=2 & SIT_CONJUG=8,CS_RACA=1,0.0347,0.43494610177989473,1.1535196037232662,0.07978,0.37706,0.004618153199999999,1.1024435048802133
ORIENT_SEX=8 & REDE_SAU=1,OUT_VEZES=2,0.0574,0.441334768568353,1.1518289189068613,0.13006,0.38316,0.007566210399999995,1.1041317148362235
OUT_VEZES=1 & SIT_CONJUG=2,REDE_SAU=2,0.05252,0.41768729123588355,1.1516689402114357,0.12574,0.36268,0.006916616799999997,1.0944634908494946
AUTOR_SEXO=2 & REDE_SAU=1,AG_AMEACA=2,0.08394,0.8340620031796503,1.1514785917934263,0.10064,0.72434,0.011042422400000002,1.6612228982035935
AUTOR_SEXO=2 & ORIENT_SEX=1,CS_RACA=1,0.033,0.4340962904498816,1.151265820956563,0.07602,0.37706,0.004335898799999998,1.100787977684798
ORIENT_SEX=1 & OUT_VEZES=1,SIT_CONJUG=1,0.13508,0.4517121455323703,1.1496287934754412,0.29904,0.39292,0.01758120320000002,1.1072286118565506
CS_RACA=4 & OUT_VEZES=2,SIT_CONJUG=1,0.08134,0.45158783033533195,1.1493124054141606,0.18012,0.39292,0.010567249599999995,1.1069776230006076
AUTOR_SEXO=3,AG_AMEACA=2,0.0639,0.8324648254299114,1.1492735806802212,0.07676,0.72434,0.008299661600000001,1.6453858164852255
AUTOR_SEXO=1 & OUT_VEZES=2,ORIENT_SEX=1,0.16732,0.682214792465139,1.1492449588375375,0.24526,0.59362,0.021728758799999998,1.278788283294842
CS_ESCOL_N=06 & CS_RACA=4,OUT_VEZES=1,0.04136,0.4971153846153846,1.1489746789982542,0.0832,0.43266,0.005362688000000004,1.1281713193116634
CS_ESCOL_N=04 & ORIENT_SEX=1,AUTOR_SEXO=1,0.03464,0.7944954128440367,1.1487455724878353,0.0436,0.69162,0.0044853679999999965,1.500599107142857
CS_RACA=4 & SG_UF=35,ORIENT_SEX=1,0.06108,0.6816964285714286,1.1483717337209471,0.0896,0.59362,0.007891648000000001,1.2767057503506314
CS_RACA=1 & SIT_CONJUG=8,AG_AMEACA=2,0.06254,0.8316489361702127,1.1481471907808665,0.0752,0.72434,0.008069632,1.6374116903633489
CS_RACA=4 & ORIENT_SEX=1,OUT_VEZES=1,0.13718,0.49666908037653873,1.1479431432915888,0.2762,0.43266,0.017679308000000005,1.1271709682060136
AUTOR_SEXO=3,REDE_SAU=1,0.0528,0.6878582595101616,1.147463149351352,0.07676,0.59946,0.006785450400000004,1.283199098497496
OUT_VEZES=2,SIT_CONJUG=1,0.1727,0.45072554546403587,1.147117849597974,0.38316,0.39292,0.022148772799999994,1.1052398213437233
SIT_CONJUG=1,OUT_VEZES=2,0.1727,0.4395296752519597,1.147117849597974,0.39292,0.38316,0.022148772799999994,1.1005756643356646
REDE_SAU=1 & SIT_CONJUG=8,OUT_VEZES=2,0.05124,0.43937575030012005,1.1467161245957826,0.11662,0.38316,0.006555880799999997,1.1002734903640259
CS_ESCOL_N=09 & OUT_VEZES=1,AUTOR_SEXO=1,0.05598,0.7924688561721405,1.1458154133370064,0.07064,0.69162,0.007123963200000007,1.4859456480218283
CS_ESCOL_N=06,OUT_VEZES=1,0.09044,0.4957246217934664,1.1457602315755244,0.18244,0.43266,0.011505509600000019,1.1250598869565216
CS_RACA=4 & REDE_SAU=2,OUT_VEZES=1,0.08588,0.49561403508771934,1.1455046343265367,0.17328,0.43266,0.01090867520000001,1.1248132173913046
CS_RACA=2,OUT_VEZES=1,0.04942,0.49558764540713995,1.1454436402883095,0.09972,0.43266,0.0062751448,1.124754369781312
REDE_SAU=1 & SG_UF=35,OUT_VEZES=2,0.07984,0.43872953071766124,1.1450295717654797,0.18198,0.38316,0.01011254319999999,1.0990066888584298
AUTOR_SEXO=2 & CS_RACA=4,AG_AMEACA=2,0.05958,0.828881469115192,1.1443265167120302,0.07188,0.72434,0.007514440800000001,1.6109301463414636
CS_ESCOL_N=08,AUTOR_SEXO=1,0.03358,0.791234684260132,1.1440309480063213,0.04244,0.69162,0.0042276472,1.477161083521445
CS_ESCOL_N=06 & CS_RACA=1,SIT_CONJUG=1,0.0339,0.4494828957836118,1.1439552473368926,0.07542,0.39292,0.0042659736,1.1027450289017342
CS_RACA=1 & OUT_VEZES=2,AG_AMEACA=2,0.12478,0.8285524568393093,1.1438722931762837,0.1506,0.72434,0.015694396,1.607838729666924
CS_RACA=2 & REDE_SAU=2,AUTOR_SEXO=1,0.03014,0.7910761154855642,1.143801676477783,0.0381,0.69162,0.0037892779999999966,1.476039949748743
REDE_SAU=1 & SIT_CONJUG=8,AG_AMEACA=2,0.0966,0.8283313325330133,1.143567016225824,0.11662,0.72434,0.012127469200000005,1.6057676923076931
AG_AMEACA=2 & SG_UF=33,REDE_SAU=2,0.03536,0.4140515222482436,1.1416442104561697,0.0854,0.36268,0.0043871280000000006,1.0876724220623502
AUTOR_SEXO=2 & CS_RACA=1,AG_AMEACA=2,0.05518,0.8265428400239665,1.1410978822430993,0.06676,0.72434,0.006823061599999999,1.5892108462867018
CS_ESCOL_N=06 & OUT_VEZES=2,REDE_SAU=1,0.05236,0.6831941544885177,1.1396826385221996,0.07664,0.59946,0.006417385599999999,1.2643074794069191
CS_RACA=4 & OUT_VEZES=2,AG_AMEACA=2,0.14866,0.8253386631134798,1.1394354351733713,0.18012,0.72434,0.018191879199999983,1.578254265734265
AG_AMEACA=1 & SG_UF=35,REDE_SAU=1,0.03504,0.6830409356725147,1.1394270437936054,0.0513,0.59946,0.004287702000000004,1.2636963099630998
ORIENT_SEX=1 & REDE_SAU=1,OUT_VEZES=2,0.1565,0.43629774184555337,1.1386829049106206,0.3587,0.38316,0.019060508000000004,1.0942656181998023
OUT_VEZES=2,AG_AMEACA=2,0.3158,0.8241987681386367,1.1378617336314945,0.38316,0.72434,0.038261885600000045,1.5680208669833737
AG_AMEACA=2,OUT_VEZES=2,0.3158,0.4359831018582434,1.1378617336314945,0.72434,0.38316,0.038261885600000045,1.093655175992559
ORIENT_SEX=8 & REDE_SAU=1,AG_AMEACA=2,0.10718,0.8240811932954021,1.1376994136667893,0.13006,0.72434,0.012972339599999994,1.5669728846153843
AUTOR_SEXO=2,AG_AMEACA=2,0.13254,0.8239462886982468,1.137513168813329,0.16086,0.72434,0.0160226676,1.5657721610169484
REDE_SAU=2 & SG_UF=35,ORIENT_SEX=1,0.0424,0.6751592356687899,1.1373593134813347,0.0628,0.59362,0.005120664000000004,1.2510129411764708
AG_AMEACA=2 & CS_ESCOL_N=10,CS_RACA=1,0.0428,0.42851421706047255,1.1364616163487842,0.09988,0.37706,0.005139247199999995,1.0900358654519973
CS_RACA=1 & OUT_VEZES=2,REDE_SAU=1,0.10254,0.6808764940239044,1.1358163914588202,0.1506,0.59946,0.012261324000000004,1.255125343320849
CS_ESCOL_N=10 & CS_RACA=1,REDE_SAU=1,0.0332,0.6806068060680607,1.1353665066360736,0.04878,0.59946,0.003958341200000003,1.2540655455712453
CS_ESCOL_N=03,ORIENT_SEX=1,0.09108,0.6739677371614621,1.1353521396877835,0.13514,0.59362,0.010858193199999977,1.246441062187925
REDE_SAU=1 & SG_UF=35,ORIENT_SEX=1,0.12258,0.6735905044510385,1.1347166612496857,0.18198,0.59362,0.014553032399999985,1.2450005454545452
CS_RACA=2 & SIT_CONJUG=1,AUTOR_SEXO=1,0.0358,0.7847435335379219,1.1346455185476445,0.04562,0.69162,0.0042482956,1.4326166598778
REDE_SAU=1 & SIT_CONJUG=8,CS_RACA=1,0.04988,0.4277139427199451,1.1343392105233785,0.11662,0.37706,0.0059072628,1.088511579262811
CS_ESCOL_N=06 & CS_RACA=1,AUTOR_SEXO=1,0.05916,0.7844073190135242,1.1341593924604902,0.07542,0.69162,0.006998019599999995,1.430382509225092
REDE_SAU=2 & SIT_CONJUG=1,AUTOR_SEXO=1,0.11168,0.7843798286276162,1.134119644642457,0.14238,0.69162,0.013207144399999995,1.4302001433224756
AG_AMEACA=2 & CS_RACA=4,OUT_VEZES=2,0.14866,0.4345258973459605,1.1340586108830788,0.34212,0.38316,0.017573300799999997,1.0908368696371344
AUTOR_SEXO=1 & SG_UF=35,OUT_VEZES=1,0.08878,0.4906598872554438,1.1340541932590114,0.18094,0.43266,0.010494499599999998,1.1138726085069441
AG_AMEACA=1 & OUT_VEZES=2,AUTOR_SEXO=1,0.0445,0.7840028188865398,1.1335745335394287,0.05676,0.69162,0.0052436488,1.4277038172920062
ORIENT_SEX=1 & SIT_CONJUG=1,AUTOR_SEXO=1,0.22916,0.7838817814873094,1.133399527901607,0.29234,0.69162,0.026971809200000002,1.4269042291864518
AUTOR_SEXO=2 & OUT_VEZES=2,CS_RACA=1,0.03486,0.4269965703086722,1.1324366687229412,0.08164,0.37706,0.004076821599999999,1.0871488157332194
ORIENT_SEX=1 & SG_UF=33,AUTOR_SEXO=1,0.05416,0.7826589595375723,1.131631473262156,0.0692,0.69162,0.006299895999999999,1.4188760638297873
CS_RACA=1 & ORIENT_SEX=8,AG_AMEACA=2,0.06772,0.8196562575647544,1.131590492813809,0.08262,0.72434,0.007875029200000001,1.52852544966443
CS_RACA=4 & SIT_CONJUG=1,OUT_VEZES=2,0.08134,0.43348966105308034,1.131354162890386,0.18764,0.38316,0.009443857599999994,1.088841557855127
ORIENT_SEX=1 & OUT_VEZES=2,REDE_SAU=1,0.1565,0.6780175028160471,1.1310471137624647,0.23082,0.59946,0.018132642800000015,1.2439806620021527
CS_ESCOL_N=03,AUTOR_SEXO=1,0.1057,0.7821518425336688,1.1308982425807073,0.13514,0.69162,0.012234473199999998,1.4155731385869563
OUT_VEZES=1 & REDE_SAU=1,AUTOR_SEXO=1,0.18646,0.7821308724832214,1.1308679223897826,0.2384,0.69162,0.021577791999999985,1.4154368887177509
CS_ESCOL_N=03 & OUT_VEZES=2,AG_AMEACA=2,0.03972,0.8189690721649484,1.1306417872338246,0.0485,0.72434,0.004589509999999998,1.5227232346241455
CS_RACA=1 & ORIENT_SEX=1,AUTOR_SEXO=1,0.17948,0.78184352674682,1.1304524547393366,0.22956,0.69162,0.020711712800000004,1.413572539936102
CS_RACA=4 & ORIENT_SEX=8,OUT_VEZES=2,0.04236,0.4331288343558283,1.1304124500360901,0.0978,0.38316,0.004886952,1.088148484848485
SG_UF=35,ORIENT_SEX=1,0.16752,0.6705628052197583,1.1296162616147676,0.24982,0.59362,0.019221851600000006,1.233558342648846
CS_ESCOL_N=05,OUT_VEZES=1,0.0454,0.48859233749461906,1.1292754992248395,0.09292,0.43266,0.0051972328,1.109369377104377
CS_RACA=2 & REDE_SAU=1,ORIENT_SEX=1,0.03854,0.6700278164116829,1.128715030510567,0.05752,0.59362,0.004394977599999995,1.2315583561643832
CS_ESCOL_N=09 & OUT_VEZES=2,AG_AMEACA=2,0.05286,0.8172541743970315,1.1282742557321583,0.06468,0.72434,0.006009688799999996,1.5084339086294416
CS_ESCOL_N=06 & SG_UF=35,AUTOR_SEXO=1,0.05094,0.7803308823529411,1.1282653514255532,0.06528,0.69162,0.0057910463999999925,1.4038386610878657
ORIENT_SEX=8 & SIT_CONJUG=8,AG_AMEACA=2,0.14084,0.816937354988399,1.127836865268243,0.1724,0.72434,0.015963783999999995,1.5058233206590619
ORIENT_SEX=1 & SG_UF=35,AUTOR_SEXO=1,0.13066,0.7799665711556829,1.1277386009017711,0.16752,0.69162,0.014799817600000001,1.4015143136190993
OUT_VEZES=1 & SG_UF=33,ORIENT_SEX=1,0.03492,0.669221924108854,1.1273574409704086,0.05218,0.59362,0.003944908399999999,1.228557844727694
ORIENT_SEX=8 & SIT_CONJUG=8,OUT_VEZES=2,0.07446,0.43190255220417634,1.1272120059614166,0.1724,0.38316,0.008403216000000005,1.0857996324280175
AUTOR_SEXO=2 & REDE_SAU=2,AG_AMEACA=2,0.0452,0.8164739884393063,1.1271971566381898,0.05536,0.72434,0.005100537599999996,1.5020214173228343
CS_ESCOL_N=06 & SIT_CONJUG=1,AUTOR_SEXO=1,0.06792,0.7792565396971087,1.126711980129419,0.08716,0.69162,0.007638400799999993,1.3970062785862782
SG_UF=23,ORIENT_SEX=1,0.03154,0.6687871077184054,1.1266249582534371,0.04716,0.59362,0.003544880799999997,1.2269449935979513
AG_AMEACA=2 & CS_ESCOL_N=06,CS_RACA=1,0.0514,0.42479338842975206,1.1265936148882196,0.121,0.37706,0.005775740000000001,1.0829847701149427
CS_ESCOL_N=06 & OUT_VEZES=2,CS_RACA=1,0.03252,0.424321503131524,1.1253421289225163,0.07664,0.37706,0.0036221216,1.0820970444242974
CS_ESCOL_N=06 & CS_RACA=1,OUT_VEZES=2,0.03252,0.4311853619729515,1.1253402285545242,0.07542,0.38316,0.0036220728000000008,1.0844306013986016
CS_RACA=1 & SG_UF=35,OUT_VEZES=2,0.0553,0.43115546546078276,1.1252622023718102,0.12826,0.38316,0.006155898399999998,1.0843736074561403
CS_RACA=1 & OUT_VEZES=1,AUTOR_SEXO=1,0.13108,0.7781999525053431,1.1251842811158486,0.16844,0.69162,0.014583527200000002,1.3903513704496786
CS_ESCOL_N=05 & OUT_VEZES=2,AG_AMEACA=2,0.0317,0.8149100257069409,1.1250380010864247,0.0389,0.72434,0.0035231740000000004,1.4893297222222228
AG_AMEACA=2 & OUT_VEZES=2,SIT_CONJUG=1,0.13958,0.44198860037998733,1.124881910770608,0.3158,0.39292,0.015495863999999998,1.0879347633639769
AUTOR_SEXO=1 & SIT_CONJUG=1,OUT_VEZES=1,0.14368,0.4864572047670639,1.1243406017821473,0.29536,0.43266,0.015889542400000012,1.104757004219409
AUTOR_SEXO=2 & ORIENT_SEX=1,REDE_SAU=1,0.05122,0.673770060510392,1.1239616663503686,0.07602,0.59946,0.0056490507999999995,1.227784306451613
CS_RACA=1 & REDE_SAU=1,OUT_VEZES=2,0.10254,0.4304424481571657,1.123401315787571,0.23822,0.38316,0.01126362480000001,1.08301610259434
SIT_CONJUG=8,AG_AMEACA=2,0.15166,0.8132775632775632,1.1227842771040715,0.18648,0.72434,0.016585076799999987,1.4763089259046518
ORIENT_SEX=1 & SG_UF=35,OUT_VEZES=2,0.07202,0.42991881566380136,1.1220347000308,0.16752,0.38316,0.007833036799999998,1.0820213277486914
AG_AMEACA=2 & CS_ESCOL_N=03,ORIENT_SEX=1,0.0643,0.6660451626268904,1.1220059341445543,0.09654,0.59362,0.006991925199999992,1.2168711290322578
CS_ESCOL_N=06 & CS_RACA=1,OUT_VEZES=1,0.0366,0.48528241845664283,1.1216253373472076,0.07542,0.43266,0.003968782800000001,1.1022355177743433
ORIENT_SEX=8,OUT_VEZES=2,0.08918,0.42974171164225133,1.1215724805362024,0.20752,0.38316,0.00966663679999999,1.0816852864627344
AUTOR_SEXO=2 & SG_UF=35,AG_AMEACA=2,0.0359,0.8122171945701357,1.1213203669135154,0.0442,0.72434,0.0038841719999999982,1.467972530120482
AG_AMEACA=2 & SG_UF=31,REDE_SAU=1,0.04318,0.6721668742216688,1.1212872822568125,0.06424,0.59946,0.0046706896,1.2217801329534663
CS_ESCOL_N=05 & CS_RACA=4,AUTOR_SEXO=1,0.03564,0.7754569190600522,1.1212181820364537,0.04596,0.69162,0.0038531447999999996,1.3733667441860464
AUTOR_SEXO=2 & SIT_CONJUG=1,AG_AMEACA=2,0.04822,0.8120579319636241,1.1211004941928158,0.05938,0.72434,0.005208690799999999,1.4667285663082434
CS_RACA=4 & SIT_CONJUG=8,AG_AMEACA=2,0.07098,0.8117566331198536,1.120684530910696,0.08744,0.72434,0.007643710400000003,1.4643809477521261
CS_ESCOL_N=05,AUTOR_SEXO=1,0.072,0.7748600947051226,1.120355245228771,0.09292,0.69162,0.007734669599999994,1.369726080305927
CS_RACA=1 & SG_UF=35,ORIENT_SEX=1,0.08522,0.6644316232652424,1.1192877990385135,0.12826,0.59362,0.009082298799999985,1.2110199535315982
ORIENT_SEX=1 & SG_UF=35,OUT_VEZES=1,0.08112,0.48424068767908307,1.11921760199483,0.16752,0.43266,0.008640796800000003,1.100009222222222
CS_RACA=1 & OUT_VEZES=2,SIT_CONJUG=1,0.06622,0.43970783532536517,1.119077255740011,0.1506,0.39292,0.007046247999999998,1.083506138895473
CS_RACA=4 & ORIENT_SEX=8,AG_AMEACA=2,0.07926,0.8104294478527607,1.1188522625462638,0.0978,0.72434,0.008419547999999999,1.4541288025889967
AUTOR_SEXO=1 & CS_RACA=4,SIT_CONJUG=1,0.14194,0.43955159172550484,1.1186796083821258,0.32292,0.39292,0.015058273600000033,1.083204075588463
OUT_VEZES=2 & REDE_SAU=2,AG_AMEACA=2,0.09846,0.8102369980250165,1.1185865726385626,0.12152,0.72434,0.01043820320000001,1.4526540849956637
CS_RACA=2,ORIENT_SEX=1,0.06616,0.6634576815082229,1.1176471168562765,0.09972,0.59362,0.006964213599999991,1.2075153039332533
OUT_VEZES=2 & REDE_SAU=2,SIT_CONJUG=1,0.05336,0.4391046741277156,1.1175421819396203,0.12152,0.39292,0.005612361599999997,1.082340985915493
CS_ESCOL_N=10 & ORIENT_SEX=8,CS_RACA=1,0.04838,0.4212817833507489,1.1172804947508324,0.11484,0.37706,0.0050784295999999965,1.0764133253084565
CS_ESCOL_N=05 & REDE_SAU=1,AUTOR_SEXO=1,0.0437,0.7723577235772359,1.116737115145941,0.05658,0.69162,0.004568140400000004,1.3546692857142861
CS_ESCOL_N=06 & REDE_SAU=1,AUTOR_SEXO=1,0.0842,0.7723353513116858,1.116704767519282,0.10902,0.69162,0.008799587599999992,1.3545361643835612
SIT_CONJUG=8,OUT_VEZES=2,0.07978,0.42782067782067784,1.1165588209120938,0.18648,0.38316,0.008328323200000001,1.0780536382380508
AUTOR_SEXO=1 & CS_ESCOL_N=10,AG_AMEACA=2,0.0345,0.808720112517581,1.1164924103564362,0.04266,0.72434,0.0035996556000000048,1.4411342647058836
ORIENT_SEX=1 & REDE_SAU=1,AUTOR_SEXO=1,0.27698,0.772177306941734,1.1164762542172493,0.3587,0.69162,0.028895906,1.353596500244738
AUTOR_SEXO=1 & CS_ESCOL_N=03,CS_RACA=4,0.0555,0.5250709555345316,1.116459612023244,0.1057,0.4703,0.0057892900000000025,1.115324501992032
OUT_VEZES=2 & SIT_CONJUG=1,AG_AMEACA=2,0.13958,0.8082223508975103,1.1158052170217168,0.1727,0.72434,0.014486482000000023,1.4373937801932377
ORIENT_SEX=8,AG_AMEACA=2,0.1676,0.8076329992289899,1.1149915774760333,0.20752,0.72434,0.017284963200000003,1.43299006012024
ORIENT_SEX=1 & SG_UF=41,AUTOR_SEXO=1,0.0383,0.7709339774557166,1.1146785481271746,0.04968,0.69162,0.003940318399999997,1.3462494200351491
ORIENT_SEX=8 & REDE_SAU=1,CS_RACA=1,0.05464,0.4201137936337075,1.1141828717809035,0.13006,0.37706,0.0055995764,1.0742452452930258
CS_ESCOL_N=03 & SIT_CONJUG=1,AUTOR_SEXO=1,0.05974,0.7702423929860753,1.1136785994998342,0.07756,0.69162,0.0060979528000000005,1.3421971268237936
ORIENT_SEX=8 & OUT_VEZES=2,CS_RACA=1,0.03744,0.4198250728862974,1.1134171561191784,0.08918,0.37706,0.0038137892000000007,1.0737106532663316
CS_ESCOL_N=03 & REDE_SAU=1,AUTOR_SEXO=1,0.06368,0.7700120918984281,1.1133456116052574,0.0827,0.69162,0.006483026000000003,1.3408531019978973
REDE_SAU=2 & SIT_CONJUG=8,AG_AMEACA=2,0.0523,0.8063521430773974,1.113223269565946,0.06486,0.72434,0.005319307599999996,1.4235117515923565
AUTOR_SEXO=3,CS_RACA=1,0.03222,0.4197498697238145,1.1132177099767,0.07676,0.37706,0.003276874400000001,1.073571495285137
CS_ESCOL_N=03 & REDE_SAU=2,ORIENT_SEX=1,0.03284,0.6607645875251509,1.113110386316416,0.0497,0.59362,0.0033370859999999995,1.1979291814946618
CS_ESCOL_N=10 & SIT_CONJUG=8,CS_RACA=1,0.04866,0.41955509570615623,1.1127011502311468,0.11598,0.37706,0.004928581200000004,1.073211247771836
AG_AMEACA=2 & OUT_VEZES=2,REDE_SAU=1,0.2106,0.6668777707409753,1.1124641689870471,0.3158,0.59946,0.021290532,1.202381482889734
AG_AMEACA=2 & CS_RACA=1,REDE_SAU=1,0.18246,0.6668372195014985,1.1123965227062667,0.27362,0.59946,0.018435754800000037,1.2022351338306279
AUTOR_SEXO=1 & REDE_SAU=1,SIT_CONJUG=1,0.17538,0.4370732193590191,1.1123720333885248,0.40126,0.39292,0.017716920800000008,1.0784351018239775
AG_AMEACA=2 & AUTOR_SEXO=1,ORIENT_SEX=1,0.31032,0.6601991319887669,1.112157831590524,0.47004,0.59362,0.03129485519999997,1.1959357325319306
OUT_VEZES=2 & SIT_CONJUG=1,REDE_SAU=1,0.11506,0.6662420382165605,1.1114036603218904,0.1727,0.59946,0.011533258000000005,1.2000912213740458
AUTOR_SEXO=1 & SG_UF=33,ORIENT_SEX=1,0.05416,0.6595226497808085,1.1110182436252292,0.08212,0.59362,0.005411925599999999,1.1935595708154505
AG_AMEACA=1 & REDE_SAU=1,CS_RACA=1,0.04866,0.4187607573149742,1.1105944871239968,0.1162,0.37706,0.004845628000000005,1.0717445661830027
AG_AMEACA=2 & OUT_VEZES=1,AUTOR_SEXO=1,0.20314,0.7673188789000529,1.1094515469478223,0.26474,0.69162,0.020040521199999994,1.3253331363636365
AUTOR_SEXO=1 & CS_RACA=2,REDE_SAU=2,0.03014,0.4021884174005871,1.108934645970517,0.07494,0.36268,0.0029607607999999966,1.0660884107142856
CS_ESCOL_N=10,CS_RACA=1,0.04878,0.4178516361144423,1.1081834087796167,0.11674,0.37706,0.0047620155999999955,1.0700708593290171
CS_ESCOL_N=03 & CS_RACA=1,REDE_SAU=1,0.0303,0.664182376150811,1.1079677979361608,0.04562,0.59946,0.0029526347999999994,1.192730731070496
CS_ESCOL_N=04,AUTOR_SEXO=1,0.04366,0.7659649122807016,1.1074938727635142,0.057,0.69162,0.004237659999999997,1.317665667166416
CS_ESCOL_N=03 & ORIENT_SEX=1,CS_RACA=4,0.04742,0.5206411945542381,1.1070406007957434,0.09108,0.4703,0.004585076,1.1050177737059095
ORIENT_SEX=1 & OUT_VEZES=2,AG_AMEACA=2,0.18504,0.80166363400052,1.1067504680129774,0.23082,0.72434,0.01784784120000002,1.389861100917432
AUTOR_SEXO=1 & SG_UF=33,REDE_SAU=2,0.03296,0.4013638577691184,1.1066611276307445,0.08212,0.36268,0.003176718400000004,1.064619983726607
AG_AMEACA=2 & CS_ESCOL_N=06,REDE_SAU=1,0.08026,0.663305785123967,1.1065054968204167,0.121,0.59946,0.007725339999999997,1.1896254295532647
CS_RACA=1 & SIT_CONJUG=8,REDE_SAU=1,0.04988,0.6632978723404255,1.1064922969679802,0.0752,0.59946,0.004800607999999998,1.1895974723538703
OUT_VEZES=2 & SIT_CONJUG=2,AG_AMEACA=2,0.0592,0.8010825439783492,1.1059482342247415,0.0739,0.72434,0.005671274000000011,1.3858009523809531
AG_AMEACA=2 & ORIENT_SEX=1,AUTOR_SEXO=1,0.31032,0.7639962578167315,1.1046474332967982,0.40618,0.69162,0.029397788400000013,1.3066741957020656
CS_ESCOL_N=06 & ORIENT_SEX=1,CS_RACA=1,0.06296,0.41634704404179346,1.1041930834397535,0.15122,0.37706,0.005940986800000006,1.0673123362791754
AG_AMEACA=2 & AUTOR_SEXO=2,CS_RACA=1,0.05518,0.41632714652180475,1.1041403132705796,0.13254,0.37706,0.005204467600000005,1.0672759513960706
CS_ESCOL_N=05 & ORIENT_SEX=1,OUT_VEZES=2,0.03006,0.4229037703995498,1.1037263033707845,0.07108,0.38316,0.0028249871999999968,1.0688685324232081
CS_RACA=1 & ORIENT_SEX=8,REDE_SAU=1,0.05464,0.6613410796417333,1.1032280379703956,0.08262,0.59946,0.005112614800000005,1.1827239027877057
ORIENT_SEX=1 & SG_UF=31,REDE_SAU=1,0.03308,0.6602794411177645,1.1014570465381586,0.0501,0.59946,0.0030470540000000004,1.1790278495887192
AUTOR_SEXO=2,CS_RACA=1,0.06676,0.41501927141613826,1.1006717005679156,0.16086,0.37706,0.006106128400000001,1.0648897810839533
AUTOR_SEXO=1 & CS_RACA=4,REDE_SAU=2,0.12888,0.399108138238573,1.100441541409984,0.32292,0.36268,0.011763374399999998,1.0606234508348795
CS_ESCOL_N=06 & SG_UF=35,OUT_VEZES=1,0.03104,0.47549019607843135,1.0989927335053653,0.06528,0.43266,0.002795955200000002,1.0816575700934579
AG_AMEACA=2 & AUTOR_SEXO=1,SIT_CONJUG=1,0.20296,0.4317930388903072,1.0989337241431008,0.47004,0.39292,0.018271883200000005,1.0684135210423844
CS_ESCOL_N=03 & OUT_VEZES=1,CS_RACA=4,0.03688,0.5168161434977578,1.0989073857064806,0.07136,0.4703,0.0033193919999999974,1.0962700696055685
ORIENT_SEX=8 & REDE_SAU=2,AG_AMEACA=2,0.0578,0.795704845814978,1.0985239608677941,0.07264,0.72434,0.005183942400000002,1.3493222641509437
OUT_VEZES=1 & REDE_SAU=1,CS_RACA=1,0.09874,0.41417785234899324,1.0984401749031805,0.2384,0.37706,0.008848895999999995,1.0633602749534583
CS_ESCOL_N=10 & OUT_VEZES=2,REDE_SAU=1,0.03598,0.6580102414045355,1.097671640150361,0.05468,0.59946,0.0032015271999999984,1.1712046631016042
CS_ESCOL_N=06,CS_RACA=1,0.07542,0.4133961850471388,1.0963671167642783,0.18244,0.37706,0.006629173599999996,1.0619433152681743
CS_ESCOL_N=06,OUT_VEZES=2,0.07664,0.4200833150624863,1.0963652653264597,0.18244,0.38316,0.0067362896000000005,1.063670034026465
CS_ESCOL_N=06 & OUT_VEZES=2,AG_AMEACA=2,0.06086,0.7941022964509394,1.0963115338804146,0.07664,0.72434,0.005346582400000001,1.3388201774397972
AG_AMEACA=1 & REDE_SAU=1,SIT_CONJUG=1,0.05004,0.4306368330464716,1.0959911255382053,0.1162,0.39292,0.004382696000000005,1.066243893591294
AUTOR_SEXO=2 & CS_RACA=1,REDE_SAU=1,0.04386,0.6569802276812463,1.0959534041991899,0.06676,0.59946,0.003840050400000003,1.1676877903930134
CS_ESCOL_N=09 & ORIENT_SEX=1,AUTOR_SEXO=1,0.08278,0.7579197949093573,1.0958615929402813,0.10922,0.69162,0.007241263600000006,1.2738753252647508
AG_AMEACA=2 & CS_ESCOL_N=06,AUTOR_SEXO=1,0.0917,0.7578512396694216,1.0957624702429392,0.121,0.69162,0.008013980000000004,1.2735146757679185
AUTOR_SEXO=1 & SG_UF=31,ORIENT_SEX=1,0.04012,0.6504539559014267,1.0957413090890245,0.06168,0.59362,0.0035055184000000045,1.1625936178107605
CS_RACA=4 & SIT_CONJUG=8,OUT_VEZES=2,0.0367,0.41971637694419034,1.0954076024224615,0.08744,0.38316,0.003196489600000005,1.062997430035475
AUTOR_SEXO=2 & ORIENT_SEX=1,AG_AMEACA=2,0.0603,0.7932123125493291,1.09508285135341,0.07602,0.72434,0.005235673199999999,1.3330580916030534
AG_AMEACA=2 & ORIENT_SEX=1,REDE_SAU=1,0.26664,0.656457728100842,1.0950817871098022,0.40618,0.59946,0.02315133720000001,1.1659118331661174
CS_RACA=4 & REDE_SAU=1,OUT_VEZES=2,0.11612,0.4195086705202312,1.0948655144593151,0.2768,0.38316,0.010061312000000003,1.0626170774209611
CS_RACA=4 & SIT_CONJUG=1,AUTOR_SEXO=1,0.14194,0.7564485184395652,1.0937343027089517,0.18764,0.69162,0.012164423199999996,1.2661799387308537
AG_AMEACA=2 & SIT_CONJUG=8,CS_RACA=1,0.06254,0.41236977449558226,1.0936449755889839,0.15166,0.37706,0.0053550804000000035,1.0600884245960505
AG_AMEACA=2 & SG_UF=35,ORIENT_SEX=1,0.12416,0.6491007946465914,1.0934618015676552,0.19128,0.59362,0.01061236639999999,1.158110345649583
AG_AMEACA=2 & OUT_VEZES=1,ORIENT_SEX=1,0.17182,0.6490141270680668,1.093315803153645,0.26474,0.59362,0.014665041200000006,1.1578243779595352
AUTOR_SEXO=1 & OUT_VEZES=2,AG_AMEACA=2,0.1942,0.7918127701215038,1.0931506890707454,0.24526,0.72434,0.0165483716,1.3240965844104977
AG_AMEACA=1,SIT_CONJUG=1,0.09948,0.4293853591160221,1.092806065143088,0.23168,0.39292,0.0084482944,1.0639054039334344
CS_ESCOL_N=05,OUT_VEZES=2,0.0389,0.4186396900559621,1.092597583401091,0.09292,0.38316,0.0032967727999999932,1.061028744909293
OUT_VEZES=2,REDE_SAU=1,0.25094,0.6549222257020566,1.092520311116766,0.38316,0.59946,0.02125090639999999,1.1607238420813797
REDE_SAU=1,OUT_VEZES=2,0.25094,0.4186100824075001,1.092520311116766,0.59946,0.38316,0.02125090639999999,1.0609747113508552
REDE_SAU=1 & SG_UF=41,AG_AMEACA=2,0.04048,0.7909339585775693,1.091937430733591,0.05118,0.72434,0.0034082787999999975,1.3185307289719623
AUTOR_SEXO=1 & CS_ESCOL_N=06,REDE_SAU=2,0.05776,0.39594187003016174,1.0917113434161292,0.14588,0.36268,0.004852241599999994,1.0550640217884704
CS_ESCOL_N=03 & OUT_VEZES=2,REDE_SAU=1,0.03172,0.654020618556701,1.0910162789121893,0.0485,0.59946,0.002646189999999996,1.1576990464839094
AUTOR_SEXO=1 & SIT_CONJUG=1,OUT_VEZES=2,0.1234,0.41779523293607795,1.0903936552251747,0.29536,0.38316,0.010229862399999998,1.0594897790183762
SG_UF=35,OUT_VEZES=2,0.10432,0.41758065807381317,1.0898336414913175,0.24982,0.38316,0.008598968799999995,1.0590994419243989
AG_AMEACA=2 & SG_UF=31,CS_RACA=4,0.03292,0.5124533001245329,1.0896306615448288,0.06424,0.4703,0.002707927999999995,1.086460025542784
CS_ESCOL_N=06 & OUT_VEZES=1,SIT_CONJUG=1,0.03872,0.42812914639540023,1.0896089443026575,0.09044,0.39292,0.003184315199999996,1.0615683526682136
AUTOR_SEXO=1 & SIT_CONJUG=2,REDE_SAU=2,0.07556,0.39514695115573684,1.0895195521003,0.19122,0.36268,0.006208330400000003,1.053677420024209
AG_AMEACA=1 & AUTOR_SEXO=1,SIT_CONJUG=1,0.0844,0.42790509024538637,1.0890387107945292,0.19724,0.39292,0.0069004592,1.0611525983693728
ORIENT_SEX=8 & REDE_SAU=2,OUT_VEZES=2,0.03028,0.41685022026431723,1.0879272895508854,0.07264,0.38316,0.0024472576000000024,1.0577728423040604
AG_AMEACA=2 & CS_ESCOL_N=03,AUTOR_SEXO=1,0.07262,0.7522270561425316,1.087630571907307,0.09654,0.69162,0.005851005200000009,1.2446072408026756
CS_ESCOL_N=09 & REDE_SAU=1,AG_AMEACA=2,0.09736,0.7877022653721683,1.0874758612974131,0.1236,0.72434,0.007831576000000007,1.298459451219512
SIT_CONJUG=1,AUTOR_SEXO=1,0.29536,0.75170518171638,1.0868760037540557,0.39292,0.69162,0.02360866960000002,1.2419912833128335
AUTOR_SEXO=1,SIT_CONJUG=1,0.29536,0.42705531939504354,1.0868760037540557,0.69162,0.39292,0.02360866960000002,1.0595787351738757
CS_RACA=2,AUTOR_SEXO=1,0.07494,0.7515042117930205,1.0865854252234182,0.09972,0.69162,0.0059716536000000014,1.2409868280871672
CS_ESCOL_N=03 & SIT_CONJUG=1,CS_RACA=4,0.03962,0.5108303249097473,1.0861797255150911,0.07756,0.4703,0.0031435319999999975,1.0828553505535057
CS_ESCOL_N=03,CS_RACA=4,0.06902,0.5107296137339056,1.0859655831042008,0.13514,0.4703,0.005463657999999996,1.082632456140351
AUTOR_SEXO=1 & OUT_VEZES=2,REDE_SAU=1,0.15964,0.6509010845633205,1.0858123720737338,0.24526,0.59946,0.012616440400000012,1.1473538939500116
ORIENT_SEX=8 & SIT_CONJUG=8,CS_RACA=1,0.07054,0.4091647331786543,1.085144892533428,0.1724,0.37706,0.005534856000000005,1.0543378755154134
CS_ESCOL_N=05 & SIT_CONJUG=1,AUTOR_SEXO=1,0.04294,0.7504369101712688,1.0850422344224702,0.05722,0.69162,0.0033655036,1.2356795238095237
CS_ESCOL_N=06 & CS_RACA=4,REDE_SAU=2,0.03272,0.39326923076923076,1.084342204613518,0.0832,0.36268,0.002545024,1.0504164817749602
REDE_SAU=1 & SG_UF=31,AG_AMEACA=2,0.04318,0.7850909090909092,1.083870708632561,0.055,0.72434,0.0033413000000000054,1.2826818950930632
AUTOR_SEXO=1 & CS_ESCOL_N=09,REDE_SAU=2,0.05334,0.3930729550478998,1.083801023072405,0.1357,0.36268,0.004124324000000006,1.050076784847013
AG_AMEACA=1 & REDE_SAU=2,SIT_CONJUG=1,0.04686,0.42584514721919303,1.0837960582795303,0.11004,0.39292,0.003623083200000002,1.0573454131054134
OUT_VEZES=2 & REDE_SAU=1,CS_RACA=1,0.10254,0.408623575356659,1.0837096890591922,0.25094,0.37706,0.0079205636,1.0533730700808626
CS_ESCOL_N=09 & SG_UF=35,AG_AMEACA=2,0.03526,0.7849510240427426,1.0836775879321074,0.04492,0.72434,0.0027226471999999974,1.281847536231884
SG_UF=31,REDE_SAU=1,0.055,0.6490441350011801,1.0827146682033497,0.08474,0.59946,0.0042017596,1.141283106926698
AG_AMEACA=2 & CS_ESCOL_N=03,CS_RACA=4,0.04914,0.5090118085767558,1.0823130099441969,0.09654,0.4703,0.003737238000000004,1.078844683544304
CS_RACA=4 & SG_UF=35,AG_AMEACA=2,0.07024,0.7839285714285714,1.0822660234538635,0.0896,0.72434,0.005339135999999994,1.2757818181818181
AG_AMEACA=2 & SIT_CONJUG=2,OUT_VEZES=1,0.0726,0.4682058557977557,1.082156556644376,0.15506,0.43266,0.0055117403999999925,1.0668413824884793
CS_RACA=1 & SIT_CONJUG=1,REDE_SAU=1,0.09316,0.6480244852531998,1.081013721104327,0.14376,0.59946,0.006981630400000008,1.1379768853754941
AG_AMEACA=2 & CS_ESCOL_N=03,OUT_VEZES=1,0.04514,0.46757820592500515,1.0807058797323652,0.09654,0.43266,0.0033710035999999985,1.0655837276264588
AG_AMEACA=2 & SIT_CONJUG=1,REDE_SAU=1,0.18312,0.6477996320928259,1.0806386282534712,0.28268,0.59946,0.013664647200000019,1.137250373644034
AUTOR_SEXO=1 & ORIENT_SEX=1,REDE_SAU=2,0.18566,0.39183656240766535,1.0803919775219624,0.47382,0.36268,0.013814962399999992,1.0479419850083287
OUT_VEZES=2 & SIT_CONJUG=2,AUTOR_SEXO=1,0.0552,0.7469553450608931,1.0800083066725847,0.0739,0.69162,0.004089282,1.2186781818181818
CS_RACA=4 & OUT_VEZES=1,SIT_CONJUG=1,0.08274,0.4243076923076923,1.079883162749904,0.195,0.39292,0.00612059999999999,1.0545216461785143
CS_ESCOL_N=06 & ORIENT_SEX=1,OUT_VEZES=2,0.06254,0.4135696336463431,1.0793653660255327,0.15122,0.38316,0.0045985448,1.0518554894000902
AG_AMEACA=2 & CS_ESCOL_N=10,REDE_SAU=1,0.06462,0.6469763716459752,1.079265291505647,0.09988,0.59946,0.004745935200000002,1.1345982756664776
AG_AMEACA=2 & AUTOR_SEXO=1,OUT_VEZES=2,0.1942,0.41315632712109607,1.0782866873397434,0.47004,0.38316,0.014099473599999995,1.051114680974478
SG_UF=35 & SIT_CONJUG=1,AG_AMEACA=2,0.07586,0.7804526748971193,1.0774673149309983,0.0972,0.72434,0.005454152000000004,1.2555835051546391
CS_RACA=1 & OUT_VEZES=1,REDE_SAU=2,0.06582,0.3907622892424602,1.077429936148837,0.16844,0.36268,0.004730180800000004,1.0460941414928864
CS_ESCOL_N=03 & OUT_VEZES=2,AUTOR_SEXO=1,0.03614,0.7451546391752577,1.0774047008115117,0.0485,0.69162,0.002596429999999997,1.2100671521035598
AG_AMEACA=2 & CS_ESCOL_N=05,REDE_SAU=1,0.04254,0.6457194899817852,1.0771686017111821,0.06588,0.59946,0.0030475752000000064,1.1305730591259644
CS_ESCOL_N=10 & ORIENT_SEX=8,REDE_SAU=1,0.07412,0.6454197143852317,1.0766685256484698,0.11484,0.59946,0.005278013600000006,1.1296172298624758
CS_ESCOL_N=06 & CS_RACA=4,OUT_VEZES=2,0.03432,0.41250000000000003,1.0765737550892578,0.0832,0.38316,0.002441088000000008,1.0499404255319151
OUT_VEZES=2 & SIT_CONJUG=2,REDE_SAU=1,0.04768,0.6451962110960758,1.0762956846096083,0.0739,0.59946,0.003379906000000002,1.1289056445461483
AG_AMEACA=2 & CS_ESCOL_N=05,AUTOR_SEXO=1,0.04904,0.7443837279902854,1.076290055218596,0.06588,0.69162,0.003476074400000001,1.2064177197149646
AG_AMEACA=2 & CS_RACA=2,ORIENT_SEX=1,0.0444,0.6386651323360184,1.0758821002257646,0.06952,0.59362,0.003131537599999998,1.1246631210191083
AUTOR_SEXO=1 & CS_ESCOL_N=06,CS_RACA=1,0.05916,0.40553879901288725,1.0755285604754874,0.14588,0.37706,0.004154487199999994,1.0479069095940958
CS_RACA=4 & OUT_VEZES=2,REDE_SAU=1,0.11612,0.6446813235620698,1.075436765692573,0.18012,0.59946,0.008145264799999996,1.1272697625
CS_RACA=4 & REDE_SAU=2,AUTOR_SEXO=1,0.12888,0.7437673130193906,1.0753987927176638,0.17328,0.69162,0.009036086400000004,1.2035154594594595
REDE_SAU=1 & SG_UF=35,AG_AMEACA=2,0.14168,0.7785470930871524,1.0748365313073314,0.18198,0.72434,0.009864606800000009,1.2447793250620347
AUTOR_SEXO=1 & REDE_SAU=1,OUT_VEZES=1,0.18646,0.4646862383492,1.0740217222511903,0.40126,0.43266,0.012850848399999976,1.0598270409683426
AG_AMEACA=2 & CS_ESCOL_N=03,OUT_VEZES=2,0.03972,0.41143567433188316,1.0737959973167428,0.09654,0.38316,0.002729733599999999,1.0480417740232315
AUTOR_SEXO=2 & SIT_CONJUG=1,REDE_SAU=1,0.03822,0.6436510609632873,1.0737181145752632,0.05938,0.59946,0.0026240651999999975,1.1240106427221173
ORIENT_SEX=8 & OUT_VEZES=2,REDE_SAU=1,0.0574,0.6436420722135008,1.0737031198303486,0.08918,0.59946,0.003940157200000002,1.1239822907488988
CS_ESCOL_N=06 & OUT_VEZES=1,CS_RACA=1,0.0366,0.40468819106590004,1.0732726650026523,0.09044,0.37706,0.0024986935999999974,1.0464096136701337
CS_ESCOL_N=10 & SIT_CONJUG=8,REDE_SAU=1,0.07456,0.6428694602517676,1.0724142732655517,0.11598,0.59946,0.0050346292000000015,1.121550680830517
AG_AMEACA=2 & CS_ESCOL_N=03,REDE_SAU=1,0.06202,0.6424280091153926,1.0716778585983928,0.09654,0.59946,0.0041481316,1.1201660370799535
AG_AMEACA=2 & ORIENT_SEX=8,CS_RACA=1,0.06772,0.4040572792362769,1.0715994251214047,0.1676,0.37706,0.004524743999999997,1.0453018021625953
OUT_VEZES=2 & SIT_CONJUG=8,REDE_SAU=1,0.05124,0.6422662321383805,1.0714079874193116,0.07978,0.59946,0.003415081199999996,1.1196594674141556
AUTOR_SEXO=1 & SG_UF=41,ORIENT_SEX=1,0.0383,0.6353682813536828,1.0703282931061668,0.06028,0.59362,0.0025165863999999996,1.1144943767060964
ORIENT_SEX=1 & REDE_SAU=1,CS_RACA=1,0.14476,0.40356844159464733,1.0703029798829027,0.3587,0.37706,0.00950857799999999,1.0444450687108535
CS_ESCOL_N=10,REDE_SAU=1,0.07488,0.6414253897550112,1.0700053210472946,0.11674,0.59946,0.004899039600000002,1.1170339130434783
SIT_CONJUG=8,CS_RACA=1,0.0752,0.40326040326040324,1.069486032091453,0.18648,0.37706,0.004885851199999999,1.0439059237958304
SG_UF=31,CS_RACA=4,0.04262,0.5029502006136417,1.0694241986256467,0.08474,0.4703,0.0027667779999999975,1.0656879867046534
CS_RACA=1 & SIT_CONJUG=1,AUTOR_SEXO=1,0.10632,0.7395659432387313,1.069324113297376,0.14376,0.69162,0.006892708799999994,1.1841001282051284
CS_ESCOL_N=09 & CS_RACA=4,AG_AMEACA=2,0.07938,0.774439024390244,1.069165066667924,0.1025,0.72434,0.005135150000000019,1.2221085640138416
SG_UF=33 & SIT_CONJUG=1,AUTOR_SEXO=1,0.03788,0.7392661982825917,1.0688907178545901,0.05124,0.69162,0.002441391199999997,1.1827388622754487
CS_RACA=4 & REDE_SAU=1,AG_AMEACA=2,0.21416,0.7736994219653179,1.0681439958656405,0.2768,0.72434,0.013662688000000006,1.2181144316730526
ORIENT_SEX=1 & SIT_CONJUG=1,OUT_VEZES=1,0.13508,0.46206471916261893,1.0679626477201936,0.29234,0.43266,0.008596175600000006,1.0546621874602569
REDE_SAU=2 & SIT_CONJUG=1,CS_RACA=4,0.0715,0.5021772720887765,1.0677807188789634,0.14238,0.4703,0.004538685999999986,1.064033380361174
AG_AMEACA=2 & SG_UF=33,SIT_CONJUG=1,0.03582,0.4194379391100702,1.067489410338161,0.0854,0.39292,0.0022646319999999956,1.0456763210972166
AG_AMEACA=2 & REDE_SAU=2,OUT_VEZES=2,0.09846,0.4089210067281336,1.0672330272683306,0.24078,0.38316,0.0062027352000000036,1.0435830185497472
REDE_SAU=2,AUTOR_SEXO=1,0.2677,0.73811624572626,1.0672280236636593,0.36268,0.69162,0.01686325839999997,1.1775453611286584
AUTOR_SEXO=1,REDE_SAU=2,0.2677,0.3870622596223359,1.0672280236636593,0.69162,0.36268,0.01686325839999997,1.0397793413851668
CS_ESCOL_N=03 & CS_RACA=1,AUTOR_SEXO=1,0.03366,0.7378342832091188,1.0668203395059697,0.04562,0.69162,0.002108295600000004,1.1762788963210702
AG_AMEACA=2 & ORIENT_SEX=8,REDE_SAU=1,0.10718,0.6394988066825775,1.0667914567820664,0.1676,0.59946,0.006710504000000006,1.111064283349884
CS_RACA=4 & SG_UF=31,AG_AMEACA=2,0.03292,0.7724073205068043,1.0663601630543726,0.04262,0.72434,0.002048629199999999,1.211198886597938
REDE_SAU=2 & SG_UF=35,AUTOR_SEXO=1,0.0463,0.7372611464968154,1.0659916522032553,0.0628,0.69162,0.0028662640000000003,1.1737129696969701
CS_RACA=4 & ORIENT_SEX=1,REDE_SAU=2,0.10676,0.38653149891383054,1.0657645828659714,0.2762,0.36268,0.006587783999999999,1.038879745042493
CS_RACA=4 & SG_UF=35,AUTOR_SEXO=1,0.06604,0.7370535714285714,1.0656915234212014,0.0896,0.69162,0.004070848000000002,1.1727864176570457
CS_RACA=4 & SIT_CONJUG=2,REDE_SAU=2,0.04058,0.3864761904761905,1.0656120835893639,0.105,0.36268,0.0024985999999999967,1.0387860912760012
SG_UF=41,OUT_VEZES=1,0.04324,0.4605879846612697,1.0645494953572545,0.09388,0.43266,0.0026218791999999963,1.0517748657187993
CS_RACA=4 & SG_UF=35,OUT_VEZES=2,0.03654,0.4078125,1.064339962417789,0.0896,0.38316,0.002208864000000005,1.0416295514511875
CS_ESCOL_N=01,REDE_SAU=1,0.038,0.6380120886501007,1.064311361308679,0.05956,0.59946,0.002296162399999996,1.106501038961039
REDE_SAU=1 & SIT_CONJUG=1,AUTOR_SEXO=1,0.17538,0.735469261092007,1.0634007997050505,0.23846,0.69162,0.010456294799999988,1.1657624413443246
AG_AMEACA=2 & SIT_CONJUG=8,REDE_SAU=1,0.0966,0.6369510747725176,1.062541411891565,0.15166,0.59946,0.005685896400000015,1.1032672793316385
AUTOR_SEXO=2 & OUT_VEZES=2,REDE_SAU=1,0.052,0.6369426751592356,1.0625273999253255,0.08164,0.59946,0.003060085599999998,1.103241754385965
REDE_SAU=1 & SIT_CONJUG=2,CS_RACA=1,0.05372,0.400417412045319,1.0619461413178777,0.13416,0.37706,0.0031336303999999968,1.0389561213326703
SG_UF=31,OUT_VEZES=2,0.03448,0.40689166863346704,1.0619367069460983,0.08474,0.38316,0.002011021599999996,1.0400123676880224
AUTOR_SEXO=1 & REDE_SAU=2,SIT_CONJUG=1,0.11168,0.4171834142697049,1.0617515378950038,0.2677,0.39292,0.006495316000000001,1.0416313036790155
CS_ESCOL_N=09 & SIT_CONJUG=1,AG_AMEACA=2,0.05126,0.7685157421289356,1.0609875778349056,0.0667,0.72434,0.002946522000000007,1.1908369170984459
AG_AMEACA=2 & CS_ESCOL_N=04,AUTOR_SEXO=1,0.03014,0.7336903602726388,1.0608287213681484,0.04108,0.69162,0.001728250399999999,1.1579753564899453
REDE_SAU=1 & SIT_CONJUG=1,AG_AMEACA=2,0.18312,0.7679275350163549,1.060175518425539,0.23846,0.72434,0.010393883600000015,1.1878186411275748
CS_RACA=2 & REDE_SAU=1,AUTOR_SEXO=1,0.04216,0.7329624478442281,1.0597762468468641,0.05752,0.69162,0.002378017600000004,1.1548188541666669
REDE_SAU=1,AG_AMEACA=2,0.46016,0.7676241951089314,1.0597567373180157,0.59946,0.72434,0.025947143600000055,1.1862680804020105
AG_AMEACA=2,REDE_SAU=1,0.46016,0.6352817737526576,1.0597567373180155,0.72434,0.59946,0.025947143600000055,1.098217668256492
ORIENT_SEX=1 & REDE_SAU=1,OUT_VEZES=1,0.16446,0.4584889880122665,1.0596981186434302,0.3587,0.43266,0.009264857999999987,1.0476979921746292
OUT_VEZES=1 & SIT_CONJUG=2,CS_RACA=1,0.05024,0.3995546365516145,1.0596579763210483,0.12574,0.37706,0.002828475600000005,1.0374632529801326
SG_UF=35 & SIT_CONJUG=1,AUTOR_SEXO=1,0.07122,0.7327160493827162,1.059419984070322,0.0972,0.69162,0.003994536000000007,1.1537542725173215
AUTOR_SEXO=1 & SG_UF=31,CS_RACA=4,0.03072,0.4980544747081712,1.0590144050779742,0.06168,0.4703,0.001711896000000001,1.0552937984496125
CS_ESCOL_N=06 & CS_RACA=1,REDE_SAU=1,0.04784,0.6343145054362238,1.0581431712478293,0.07542,0.59946,0.0026287268000000016,1.0953127918781727
CS_ESCOL_N=09 & SIT_CONJUG=1,ORIENT_SEX=1,0.04188,0.6278860569715143,1.057723892341084,0.0667,0.59362,0.0022855459999999994,1.0920848509266723
AUTOR_SEXO=2 & OUT_VEZES=2,SIT_CONJUG=1,0.03392,0.4154826065654091,1.0574229017749393,0.08164,0.39292,0.0018420112000000002,1.0386004023470246
CS_RACA=1 & REDE_SAU=1,AG_AMEACA=2,0.18246,0.7659306523381749,1.0574186878236393,0.23822,0.72434,0.009907725200000023,1.1776851721664283
SG_UF=35,AG_AMEACA=2,0.19128,0.7656712833239934,1.0570606114863095,0.24982,0.72434,0.010325381200000011,1.1763816399043394
CS_ESCOL_N=09 & REDE_SAU=1,CS_RACA=4,0.06144,0.4970873786407767,1.0569580664273373,0.1236,0.4703,0.003310920000000002,1.053264478764479
CS_ESCOL_N=10 & CS_RACA=4,REDE_SAU=1,0.0342,0.6335679881437569,1.0568978549757397,0.05398,0.59946,0.001841149200000003,1.0930813549039433
AG_AMEACA=2 & AUTOR_SEXO=2,REDE_SAU=1,0.08394,0.6333182435491173,1.0564812390303226,0.13254,0.59946,0.004487571600000004,1.0923368641975308
ORIENT_SEX=8,CS_RACA=1,0.08262,0.398130300693909,1.0558804983130243,0.20752,0.37706,0.004372508799999994,1.035008076861489
AUTOR_SEXO=1 & SG_UF=31,REDE_SAU=1,0.03904,0.6329442282749675,1.0558573187117866,0.06168,0.59946,0.002065307199999998,1.091223816254417
AUTOR_SEXO=1 & REDE_SAU=1,CS_RACA=1,0.15958,0.39769725365099934,1.0547320151991708,0.40126,0.37706,0.008280904399999983,1.0342639208871234
CS_ESCOL_N=05 & ORIENT_SEX=1,CS_RACA=4,0.03524,0.49577940348902644,1.0541769157750935,0.07108,0.4703,0.0018110760000000017,1.0505322544642857
CS_RACA=1,REDE_SAU=1,0.23822,0.6317827401474566,1.0539197613643223,0.37706,0.59946,0.012187612399999992,1.0877817084413712
REDE_SAU=1,CS_RACA=1,0.23822,0.39739098522003136,1.0539197613643223,0.59946,0.37706,0.012187612399999992,1.0337382692946517
CS_RACA=2,REDE_SAU=2,0.0381,0.38206979542719616,1.0534625439152867,0.09972,0.36268,0.0019335503999999976,1.031378617332035
CS_ESCOL_N=09 & OUT_VEZES=1,ORIENT_SEX=1,0.04416,0.6251415628539072,1.0531005741954569,0.07064,0.59362,0.002226683199999996,1.084089244712991
AUTOR_SEXO=1 & CS_ESCOL_N=05,CS_RACA=4,0.03564,0.495,1.0525196682968319,0.072,0.4703,0.0017783999999999994,1.048910891089109
ORIENT_SEX=1 & OUT_VEZES=2,CS_RACA=1,0.0916,0.39684602720734774,1.052474479412687,0.23082,0.37706,0.004567010800000007,1.0328042723746589
SG_UF=31,AUTOR_SEXO=1,0.06168,0.7278734953976871,1.0524182287928154,0.08474,0.69162,0.0030721211999999998,1.1332229488291414
OUT_VEZES=2 & SG_UF=33,AG_AMEACA=2,0.03306,0.7621023513139695,1.052133461239155,0.04338,0.72434,0.0016381307999999983,1.1587336046511627
CS_RACA=1 & ORIENT_SEX=1,REDE_SAU=1,0.14476,0.6305976650984493,1.0519428570687774,0.22956,0.59946,0.007147962400000013,1.0842920094339625
CS_ESCOL_N=05,CS_RACA=4,0.04596,0.4946190271201033,1.051709604763137,0.09292,0.4703,0.0022597239999999977,1.0481201873935264
AG_AMEACA=2 & REDE_SAU=1,CS_RACA=1,0.18246,0.3965142559109875,1.051594589484399,0.46016,0.37706,0.008952070400000012,1.0322364796543033
AUTOR_SEXO=1 & SIT_CONJUG=8,CS_RACA=1,0.0342,0.396383866481224,1.0512487839633586,0.08628,0.37706,0.0016672632000000048,1.0320135023041477
CS_RACA=4 & SIT_CONJUG=1,REDE_SAU=2,0.0715,0.3810488168833937,1.0506474492207833,0.18764,0.36268,0.003446724799999995,1.0296773273635267
AG_AMEACA=2 & SIT_CONJUG=2,REDE_SAU=1,0.09766,0.629820714562105,1.050646773032571,0.15506,0.59946,0.004707732399999998,1.082016243902439
OUT_VEZES=2 & REDE_SAU=1,ORIENT_SEX=1,0.1565,0.6236550569857336,1.0505964370906196,0.25094,0.59362,0.007536997200000006,1.079807255400254
CS_RACA=4 & SG_UF=35,OUT_VEZES=1,0.04072,0.4544642857142857,1.0503958898772379,0.0896,0.43266,0.001953664000000001,1.0399685761047464
CS_RACA=4 & REDE_SAU=2,SIT_CONJUG=1,0.0715,0.4126269621421976,1.0501551515377114,0.17328,0.39292,0.0034148224000000033,1.0335510159166832
